"AssestID","FacilityID"
"0","3"
"0","1"
"0","34"
"0","14"
"0","31"
"1","37"
"1","17"
"1","3"
"1","1"
"1","34"
"1","16"
"1","22"
"1","31"
"2","37"
"2","3"
"2","1"
"2","34"
"2","14"
"2",
"3","37"
"3","3"
"3","1"
"3","34"
"3","16"
"3","5"
"4","25"
"4","37"
"4","11"
"4","8"
"4","3"
"4","2"
"4","18"
"4","14"
"4","16"
"4","22"
"4","30"
"4","32"
"4","23"
"5","1"
"5","34"
"5","14"
"6","37"
"6","3"
"6","1"
"6","34"
"6","18"
"6","14"
"6","31"
"7","37"
"7","3"
"7","1"
"7","22"
"7","5"
"7","9"
"7","13"
"7","19"
"7","31"
"8","37"
"8","17"
"8","3"
"8","1"
"8","34"
"8","14"
"8","5"
"8","31"
"9","36"
"9","37"
"9","3"
"9","1"
"9","34"
"10","37"
"10","3"
"10","1"
"10","34"
"10","22"
"10","13"
"10","19"
"10","31"
"11","37"
"11","3"
"11","34"
"11","16"
"11","5"
"12","37"
"12","14"
"12","16"
"12","22"
"12","5"
"12","9"
"12","13"
"12","31"
"13","37"
"13","3"
"13","1"
"13","34"
"14","37"
"14","3"
"14","1"
"14","34"
"14","14"
"14","16"
"14","32"
"14","19"
"15","37"
"15","3"
"15","1"
"15","34"
"15","39"
"15","16"
"15","5"
"15","30"
"16","8"
"16","1"
"16","34"
"16","14"
"17","1"
"17","34"
"17","5"
"17",
"18","36"
"18","37"
"18","3"
"18","1"
"18","34"
"18","5"
"19","36"
"19","37"
"19","3"
"19","1"
"19","34"
"19","5"
"20","14"
"20","13"
"20","31"
"21","37"
"21","3"
"21","1"
"21","34"
"21","22"
"21","13"
"21","19"
"22","37"
"22","3"
"22","1"
"22","14"
"22","7"
"23","8"
"23","1"
"23","34"
"23","14"
"23","5"
"23",
"24","36"
"24","37"
"24","17"
"24","33"
"24","3"
"24","1"
"24","34"
"24","14"
"25","3"
"25","1"
"25","34"
"26","37"
"26","3"
"26","1"
"26","34"
"26","14"
"26","7"
"27","1"
"27","34"
"28","1"
"28","34"
"28","14"
"29","37"
"29","3"
"29","1"
"29","34"
"29","5"
"30","37"
"30","3"
"30","1"
"30","34"
"31","37"
"31","3"
"31","1"
"31","34"
"31","5"
"32","37"
"32","8"
"32","1"
"32","26"
"32","34"
"32","14"
"32","13"
"32","31"
"33","37"
"33","3"
"33","1"
"33","34"
"33","14"
"33","7"
"34","37"
"34","34"
"34","14"
"34","22"
"34","13"
"34","19"
"34","31"
"35","37"
"35","3"
"35","1"
"35","34"
"35","5"
"36","1"
"36","34"
"36","14"
"36","31"
"37","1"
"37","34"
"38","35"
"38","28"
"38","11"
"38","3"
"38","2"
"38","1"
"38","19"
"38","35"
"38","28"
"38","11"
"38","3"
"38","2"
"38","1"
"38","19"
"37","1"
"37","34"
"38","35"
"38","28"
"38","11"
"38","3"
"38","2"
"38","1"
"38","19"
"38","35"
"38","28"
"38","11"
"38","3"
"38","2"
"38","1"
"38","19"
"38","35"
"38","28"
"38","11"
"38","3"
"38","2"
"38","1"
"38","19"
"38","35"
"38","28"
"38","11"
"38","3"
"38","2"
"38","1"
"38","19"
"39","1"
"39","34"
"40","1"
"40","34"
"41","1"
"41","34"
"41","13"
"41","31"
"42","3"
"42","1"
"42","14"
"42","31"
"43","1"
"43","34"
"43","9"
"43","13"
"44","37"
"44","3"
"44","1"
"44","34"
"44","14"
"44","0"
"45","1"
"45","14"
"45","13"
"45","19"
"45","31"
"46","37"
"46","3"
"46","1"
"46","34"
"46","14"
"47","37"
"47","17"
"47","3"
"47","1"
"47","18"
"47","5"
"47","19"
"47","31"
"48","1"
"48","34"
"48","14"
"49","25"
"49","11"
"49","8"
"49","2"
"49","1"
"49","34"
"49","18"
"49","14"
"49","22"
"49","5"
"49",
"50","3"
"50","1"
"50","34"
"50","14"
"50","5"
"50","31"
"51","25"
"51","37"
"51","3"
"51","2"
"51","1"
"51","34"
"51","39"
"51","18"
"51","14"
"51","0"
"51","16"
"51","22"
"51",
"51",
"51",
"51","9"
"51","13"
"51","19"
"51","31"
"51","29"
"51","6"
"51","10"
"52","37"
"52","3"
"52","1"
"52","34"
"52","14"
"52","0"
"52","16"
"52","22"
"52","5"
"52","13"
"52","19"
"52","31"
"52","29"
"53","3"
"53","1"
"53","34"
"54","37"
"54","3"
"54","1"
"54","34"
"54","14"
"55","3"
"55","1"
"55","34"
"55","39"
"55","9"
"55","13"
"55","31"
"56","37"
"56","3"
"56","1"
"56","34"
"56","14"
"57","3"
"57","1"
"57","34"
"57","14"
"58","36"
"58","37"
"58","3"
"58","1"
"58","34"
"58","22"
"58","13"
"58","19"
"58","31"
"59","37"
"59","17"
"59","3"
"59","1"
"59","34"
"59","14"
"60","3"
"60","1"
"60","34"
"60","14"
"60","13"
"61","1"
"61","34"
"61","15"
"61","31"
"62","3"
"62","1"
"62","34"
"63","1"
"63","34"
"63","14"
"64","37"
"64","8"
"64","34"
"64","22"
"64",
"65","36"
"65","37"
"65","3"
"65","1"
"65","34"
"65","5"
"66","37"
"66","3"
"66","1"
"66","34"
"66","14"
"66","16"
"66","22"
"66","30"
"66","32"
"66","23"
"67","37"
"67","1"
"67","34"
"67","14"
"67","16"
"67","22"
"67","30"
"68","1"
"68","34"
"68","14"
"69","37"
"69","3"
"69","1"
"69","34"
"69","5"
"69",
"69","31"
"71","37"
"71","3"
"71","1"
"71","34"
"71","14"
"71","19"
"72","3"
"72","1"
"72","34"
"73","36"
"73","37"
"73","3"
"73","1"
"73","34"
"73","5"
"74","37"
"74","3"
"74","1"
"74","34"
"74","22"
"74","5"
"74","13"
"74","19"
"75","3"
"75","1"
"75","34"
"75","22"
"75","9"
"75","13"
"75","19"
"75","31"
"76","37"
"76","8"
"76","3"
"76","1"
"76","34"
"76","14"
"76","22"
"76","5"
"76",
"76","13"
"76","19"
"76","31"
"77","37"
"77","3"
"77","1"
"77","34"
"78","1"
"78","34"
"78","13"
"78","31"
"79","36"
"79","37"
"79","3"
"79","1"
"79","34"
"79","5"
"80","37"
"80","3"
"80","1"
"80","34"
"80","14"
"80","5"
"81","37"
"81","1"
"81","34"
"81","22"
"81","5"
"81","13"
"81","19"
"82","11"
"82","3"
"82","1"
"82","34"
"82","39"
"82",
"83","1"
"83","34"
"83","14"
"84","20"
"84","37"
"84","8"
"84","3"
"84","2"
"84","1"
"84","34"
"84","14"
"84","16"
"84","22"
"84","5"
"84","13"
"84","19"
"84","31"
"85","3"
"85","1"
"85","34"
"85","14"
"85","22"
"85","9"
"85","13"
"85","19"
"85","31"
"86","37"
"86","3"
"86","1"
"86","34"
"86","39"
"86","18"
"86","14"
"86","7"
"87","20"
"87","37"
"87","3"
"87","1"
"87","34"
"87","18"
"87","14"
"87","16"
"87","22"
"87","5"
"87","31"
"88","37"
"88","3"
"88","1"
"88","34"
"88","13"
"89","3"
"89","1"
"89","34"
"89","39"
"89","14"
"90","11"
"90","3"
"90","34"
"90","39"
"90","14"
"90",
"91","1"
"91","34"
"92","3"
"92","1"
"92","34"
"92","14"
"92","22"
"92","13"
"92","19"
"92","31"
"93","37"
"93","3"
"93","1"
"93","34"
"93","7"
"93","22"
"93","5"
"93","13"
"93","19"
"94","3"
"94","2"
"94","1"
"94","34"
"94","14"
"94","16"
"94","30"
"95","37"
"95","1"
"95","34"
"95","22"
"95","13"
"95","19"
"95","31"
"96","37"
"96","3"
"96","1"
"96","34"
"96","39"
"96","14"
"96","22"
"96","5"
"96","13"
"96","19"
"96","31"
"97","37"
"97","3"
"97","1"
"97","34"
"98","11"
"98","3"
"98","1"
"98","34"
"98","39"
"98","14"
"98","22"
"98","5"
"99","34"
"100","37"
"100","33"
"100","1"
"100","34"
"101","37"
"101","3"
"101","1"
"101","34"
"101","31"
"102","37"
"102","3"
"102","1"
"102","34"
"102","39"
"102","0"
"102","22"
"102",
"102","9"
"102","13"
"102","19"
"102","31"
"102","6"
"102","10"
"103","37"
"103","17"
"103","3"
"103","1"
"103","14"
"103","22"
"103","5"
"103","13"
"103","31"
"104","37"
"104","3"
"104","1"
"104","15"
"104","14"
"104","16"
"104","22"
"104","5"
"104","19"
"105","40"
"105","37"
"105","3"
"105","1"
"105","34"
"105","18"
"105","14"
"105","16"
"105","22"
"105","5"
"105","30"
"106","1"
"106","34"
"106","14"
"107","37"
"107","8"
"107","3"
"107","1"
"107","34"
"107","14"
"107","7"
"107","16"
"107","5"
"107",
"107","13"
"107","31"
"108","37"
"108","17"
"108","3"
"108","1"
"108","16"
"108","22"
"109","14"
"110","37"
"110","17"
"110","3"
"110","1"
"110","34"
"110","14"
"110","16"
"110","5"
"111","36"
"111","37"
"111","3"
"111","1"
"111","34"
"112","37"
"112","1"
"112","34"
"112","39"
"112","0"
"112","22"
"112","5"
"112","13"
"112","19"
"112","31"
"113","1"
"113","34"
"113","14"
"113","9"
"113","31"
"114","1"
"114","34"
"114","14"
"114","22"
"114","19"
"115","36"
"115","3"
"115","1"
"115","34"
"116","36"
"116","34"
"116","14"
"117","24"
"117","37"
"117","3"
"117","1"
"117","34"
"117","14"
"117","16"
"117","22"
"117","30"
"117","32"
"117","23"
"118","37"
"118","3"
"118","1"
"118","34"
"118","14"
"118","22"
"118","13"
"118","19"
"119","37"
"119","17"
"119","3"
"119","1"
"119","34"
"119","18"
"119","14"
"120","36"
"120","37"
"120","3"
"120","1"
"120","34"
"120","5"
"121","37"
"121","3"
"121","1"
"121","34"
"121","22"
"122","37"
"122","17"
"122","3"
"122","1"
"122","18"
"122","14"
"122","5"
"123","40"
"123","37"
"123","8"
"123","3"
"123","1"
"123","34"
"123","18"
"123","14"
"123","0"
"123","22"
"123","5"
"123",
"123","19"
"123","31"
"123","6"
"123","10"
"124","37"
"124","3"
"124","1"
"124","34"
"124","14"
"124","22"
"124","5"
"124",
"124",
"124","9"
"124","13"
"124","19"
"124","31"
"125","3"
"125","1"
"125","34"
"125","14"
"126","34"
"126","39"
"127","3"
"127","1"
"127","15"
"128","36"
"128","37"
"128","3"
"128","1"
"128","34"
"128","5"
"129","37"
"129","11"
"129","3"
"129","2"
"129","1"
"129","34"
"129","16"
"129","22"
"130","37"
"130","3"
"130","1"
"130","34"
"130","39"
"131","3"
"131","1"
"131","34"
"132","37"
"132","3"
"132","1"
"132","34"
"132","14"
"132","7"
"133","8"
"133","1"
"133","34"
"133","14"
"133",
"133","13"
"133","19"
"133","31"
"134","37"
"134","3"
"134","1"
"134","34"
"134","39"
"134","14"
"134","16"
"134","22"
"134","5"
"134","13"
"134","19"
"134","31"
"135","37"
"135","17"
"135","3"
"135","1"
"135","34"
"135","18"
"135","14"
"135","16"
"135","30"
"135",
"135",
"136","37"
"136","8"
"136","3"
"136","1"
"136","34"
"136","18"
"136","14"
"136","22"
"136","5"
"136","23"
"136","9"
"136","13"
"136","19"
"136","31"
"137","17"
"137","3"
"137","1"
"137","34"
"137","14"
"137","30"
"138","20"
"138","37"
"138","11"
"138","17"
"138","3"
"138","1"
"138","34"
"138","39"
"138","18"
"138","14"
"138","16"
"138","22"
"138","5"
"138","31"
"139","37"
"139","3"
"139","1"
"139","34"
"139","22"
"139","5"
"139","13"
"139","19"
"140","37"
"140","1"
"140","34"
"140","14"
"140","13"
"140","31"
"140","10"
"141","1"
"141","34"
"141","15"
"141","31"
"142","37"
"142","3"
"142","1"
"142","34"
"142","14"
"142","22"
"142","5"
"142","19"
"143","34"
"143","39"
"143","14"
"143","5"
"143",
"144","3"
"144","1"
"144","34"
"145","37"
"145","3"
"145","1"
"145","34"
"145","14"
"145","22"
"145","31"
"146","37"
"146","3"
"146","1"
"146","26"
"146","34"
"146","14"
"146","22"
"146","5"
"146",
"146","13"
"146","19"
"146","31"
"147","37"
"147","3"
"147","1"
"147","34"
"147","14"
"147","7"
"147","16"
"147","22"
"147","5"
"147",
"147",
"147",
"147","13"
"147","19"
"147","31"
"148","34"
"148","22"
"149","3"
"149","1"
"149","34"
"149","39"
"149","14"
"149","31"
"150","36"
"150","37"
"150","3"
"150","1"
"150","34"
"150","14"
"151","37"
"151","8"
"151","3"
"151","1"
"151","34"
"151","14"
"151","16"
"151","22"
"151","5"
"151","9"
"151","13"
"151","19"
"151","31"
"152","3"
"152","1"
"152","34"
"152","14"
"152",
"153","37"
"153","17"
"153","3"
"153","1"
"153","34"
"153","14"
"153","16"
"153","22"
"153","5"
"153","13"
"153","19"
"153","31"
"154","3"
"154","1"
"154","34"
"155","37"
"155","3"
"155","1"
"155","34"
"155","14"
"155","5"
"156","37"
"156","3"
"156","1"
"156","34"
"156","5"
"157","25"
"157","40"
"157","37"
"157","3"
"157","1"
"157","34"
"157","39"
"157","18"
"157","14"
"157","22"
"158","37"
"158","3"
"158","1"
"158","34"
"158","5"
"158","13"
"158","31"
"159","37"
"159","3"
"159","1"
"159","34"
"159","13"
"160","37"
"160","3"
"160","34"
"160","18"
"160","14"
"160","16"
"160","22"
"160",
"160",
"160",
"161","37"
"161","3"
"161","1"
"161","34"
"161","22"
"162","37"
"162","3"
"162","1"
"162","34"
"162","14"
"163","3"
"163","1"
"163","34"
"163","14"
"163","0"
"163","9"
"163","13"
"163","31"
"164","3"
"164","1"
"164","34"
"164","14"
"165","37"
"165","3"
"165","1"
"165","34"
"165","14"
"165","0"
"165","22"
"165","13"
"165","19"
"165","31"
"165","29"
"165","6"
"165","10"
"166","37"
"166","3"
"166","1"
"166","34"
"166","39"
"166","18"
"166","14"
"166","22"
"166","13"
"166","19"
"166","6"
"166","10"
"167","37"
"167","3"
"167","1"
"167","34"
"167","22"
"167","19"
"168","37"
"168","8"
"168","3"
"168","1"
"168","34"
"168","39"
"168","14"
"168","22"
"168","5"
"169","24"
"169","35"
"169","12"
"169","8"
"169","3"
"169","1"
"169","34"
"169","18"
"169","15"
"169","14"
"170","33"
"170","1"
"170","14"
"170","31"
"171","37"
"171","3"
"171","1"
"171","34"
"171","18"
"171","14"
"172","37"
"172","17"
"172","1"
"172","34"
"172","14"
"172","22"
"172","13"
"172","19"
"172","31"
"173","37"
"173","8"
"174","36"
"174","37"
"174","3"
"174","1"
"174","34"
"174","14"
"174","5"
"175","3"
"175","1"
"175","34"
"175",
"176","37"
"176","3"
"176","1"
"176","34"
"176","39"
"176","14"
"176",
"176","32"
"176","23"
"177","37"
"177","1"
"177","34"
"177","14"
"177","5"
"178","37"
"178","3"
"178","1"
"178","34"
"178","14"
"178","22"
"178","13"
"178","19"
"178","31"
"179","37"
"179","3"
"179","1"
"179","34"
"179","14"
"180","37"
"180","3"
"180","1"
"180","34"
"180","22"
"181","1"
"181","34"
"181","14"
"181","22"
"181","13"
"181","19"
"181","31"
"182","3"
"182","1"
"182","34"
"182","14"
"183","37"
"183","3"
"183","1"
"183","34"
"183","18"
"183","14"
"183","22"
"183",
"184","3"
"184","1"
"184","34"
"184","5"
"184","31"
"185","37"
"185","3"
"185","1"
"185","34"
"185","0"
"185","22"
"185","9"
"185","13"
"185","19"
"185","31"
"185","29"
"185","6"
"185","10"
"186","3"
"186","2"
"186","34"
"186","14"
"187","3"
"187","1"
"187","34"
"188","12"
"188","37"
"188","3"
"188","1"
"188","16"
"188","22"
"188","5"
"189","37"
"189","3"
"189","1"
"189","34"
"189","22"
"189","5"
"190","35"
"190","12"
"190","3"
"190","2"
"190","1"
"190","34"
"190","14"
"190",
"190","9"
"190","13"
"190","31"
"190","29"
"190","21"
"191","37"
"191","3"
"191","1"
"191","34"
"191","14"
"191","5"
"191","13"
"191","31"
"192","37"
"192","17"
"192","3"
"192","1"
"192","34"
"192","22"
"192","9"
"192","13"
"192","19"
"192","31"
"192","6"
"192","10"
"193","37"
"193","3"
"193","1"
"193","34"
"194","37"
"194","3"
"194","1"
"194","34"
"194","39"
"194","14"
"195","8"
"195","3"
"195","1"
"195","34"
"195","14"
"195","9"
"195","13"
"195","31"
"196","25"
"196","37"
"196","3"
"196","1"
"196","18"
"196","14"
"196","16"
"196","22"
"196","5"
"197","37"
"197","11"
"197","17"
"197","34"
"197","14"
"197","0"
"197","22"
"197","5"
"197","9"
"197","13"
"197","19"
"197","31"
"197","29"
"197","21"
"198","24"
"198","37"
"198","17"
"198","1"
"198","34"
"198","18"
"198","14"
"198","22"
"198","5"
"198","13"
"198","19"
"198","31"
"198","10"
"199","37"
"199","3"
"199","27"
"199","1"
"199","14"
"199","0"
"200","37"
"200","3"
"200","1"
"200","34"
"200","22"
"200","13"
"200","19"
"200","31"
"201","37"
"201","3"
"201","22"
"201","13"
"201","19"
"201","31"
"202","37"
"202","3"
"202","1"
"202","34"
"202","18"
"202","7"
"202","16"
"202","5"
"203","37"
"203","3"
"203","1"
"203","34"
"203","39"
"203","0"
"203","5"
"203","9"
"203","19"
"203","31"
"204","37"
"204","3"
"204","1"
"204","34"
"204","14"
"204","31"
"205","37"
"205","8"
"205","1"
"205","34"
"205","39"
"205","22"
"205","5"
"206","37"
"206","3"
"206","1"
"206","34"
"206","39"
"206","18"
"206","22"
"206","5"
"206","13"
"206","19"
"206","31"
"207","37"
"207","8"
"207","3"
"207","1"
"207","34"
"207","39"
"207","22"
"207","5"
"208","3"
"208","1"
"208","34"
"208","18"
"208","14"
"209","37"
"209","3"
"209","1"
"209","34"
"209","18"
"209","14"
"209","22"
"209","5"
"210","37"
"210","1"
"210","34"
"210","14"
"211","35"
"211","37"
"211","3"
"211","34"
"211","18"
"211","14"
"211","0"
"211","5"
"211","9"
"211","19"
"211","31"
"211","6"
"211","10"
"212","37"
"212","3"
"212","1"
"212","34"
"212","14"
"213","1"
"213","34"
"213","14"
"214","37"
"214","1"
"214","34"
"214","14"
"215","37"
"215","3"
"215","1"
"215","34"
"215","14"
"216","37"
"216","3"
"216","34"
"216","14"
"216","22"
"216","5"
"217","8"
"217","3"
"218","25"
"218","20"
"218","40"
"218","36"
"218","37"
"218","17"
"218","3"
"218","1"
"218","34"
"218","18"
"218","14"
"218","5"
"218","13"
"218","31"
"219","37"
"219","11"
"219","3"
"219","1"
"219","34"
"219","39"
"219","18"
"219","22"
"219","5"
"219","19"
"219","31"
"220","37"
"220","1"
"220","5"
"220","13"
"220","19"
"221","37"
"221","3"
"221","1"
"221","34"
"221","14"
"221","5"
"222","37"
"222","3"
"222","1"
"222","34"
"222","14"
"222","7"
"223","37"
"223","3"
"223","1"
"223","34"
"223","39"
"223","22"
"223","13"
"223","19"
"223","31"
"224","37"
"224","3"
"224","1"
"224","34"
"224","22"
"224","5"
"224","13"
"224","19"
"224","31"
"225","37"
"225","3"
"225","1"
"225","34"
"226","37"
"226","3"
"226","1"
"226","34"
"226","7"
"226","22"
"226","5"
"226","13"
"226","19"
"226","31"
"226","6"
"226","10"
"227","37"
"227","3"
"227","2"
"227","1"
"227","34"
"227","14"
"227","16"
"227","22"
"227","5"
"228","37"
"228","8"
"228","1"
"228","34"
"228","15"
"228","14"
"228","5"
"229","1"
"229","34"
"229","14"
"229","9"
"229","31"
"230","3"
"230","1"
"230","34"
"230","14"
"230","31"
"231","37"
"231","3"
"231","1"
"231","34"
"231","16"
"231","22"
"231","5"
"231","13"
"231","19"
"231","31"
"232","37"
"232","3"
"232","1"
"232","34"
"232","18"
"232","14"
"232","22"
"232","5"
"232","13"
"232","19"
"232","31"
"232","10"
"233","3"
"233","1"
"233","34"
"234","37"
"234","3"
"234","1"
"234","34"
"234","14"
"234","31"
"235","37"
"235","3"
"235","1"
"235","34"
"235","5"
"235","13"
"235","19"
"235","31"
"235","6"
"235","10"
"236","37"
"236","3"
"236","1"
"236","34"
"236","14"
"237","34"
"238","36"
"238","37"
"238","3"
"238","1"
"238","34"
"238","13"
"238","31"
"239","37"
"239","3"
"239","1"
"239","34"
"239","14"
"239","22"
"240","8"
"240","1"
"240","34"
"240","39"
"240","14"
"240","5"
"240","9"
"241","37"
"241","11"
"241","17"
"241","3"
"241","2"
"241","1"
"241","34"
"241","14"
"241","22"
"241","5"
"242","37"
"242","8"
"242","34"
"242","14"
"242","22"
"242","5"
"242","19"
"243","37"
"243","3"
"243","1"
"243","34"
"243","5"
"244","3"
"244","1"
"244","34"
"244","14"
"245","3"
"245","1"
"245","34"
"245","14"
"245","22"
"245","19"
"246","37"
"246","3"
"246","1"
"246","34"
"246","14"
"246","22"
"246","5"
"247","37"
"247","8"
"247","1"
"247","34"
"247","14"
"247","22"
"247","5"
"247","13"
"247","19"
"247","31"
"248","3"
"248","1"
"248","34"
"248","39"
"248","14"
"248","22"
"248",
"248","19"
"249","37"
"249","8"
"249","3"
"249","1"
"249","15"
"249","14"
"250","8"
"250","3"
"250","1"
"250","34"
"250","14"
"250","22"
"250","13"
"250","19"
"250","31"
"251","25"
"251","37"
"251","3"
"251","1"
"251","34"
"251","14"
"251","0"
"251","16"
"251","22"
"252","37"
"252","3"
"252","1"
"252","34"
"252","22"
"252",
"252","9"
"252","13"
"252","31"
"253","37"
"253","3"
"253","1"
"253","34"
"253","22"
"253","5"
"253","13"
"253","19"
"253","31"
"254","17"
"254","8"
"254","3"
"254","1"
"254","34"
"254","22"
"255","37"
"255","3"
"255","1"
"255","34"
"255","18"
"255","14"
"255","5"
"256","3"
"256","1"
"256","34"
"256","14"
"256","13"
"256","31"
"257","37"
"257","8"
"257","3"
"257","1"
"257","34"
"257","14"
"257","7"
"257","22"
"257","19"
"257","31"
"258","37"
"258","3"
"258","1"
"258","34"
"258","14"
"259","1"
"259","34"
"259","14"
"260","37"
"260","3"
"260","1"
"260","34"
"260","14"
"260","22"
"261","37"
"261","3"
"261","1"
"261","14"
"261","22"
"261","13"
"261","19"
"262","3"
"262","1"
"262","34"
"263","37"
"263","8"
"263","3"
"263","2"
"263","1"
"263","34"
"263","39"
"263","14"
"263","0"
"263","16"
"263","22"
"263",
"263","9"
"263","13"
"263","19"
"263","31"
"263","6"
"263","10"
"264","37"
"264","3"
"264","1"
"264","34"
"264","39"
"264","14"
"265","36"
"265","37"
"265","3"
"265","1"
"265","34"
"266","17"
"266","8"
"266","1"
"266","22"
"266","5"
"266","13"
"266","19"
"266","31"
"267","3"
"267","1"
"267","39"
"267","22"
"268","37"
"268","3"
"268","1"
"268","34"
"268","14"
"268","16"
"268","22"
"268","5"
"268","32"
"268","23"
"268","13"
"268","19"
"268","31"
"269","3"
"269","1"
"269","34"
"269","14"
"269","22"
"270","36"
"270","37"
"270","3"
"270","1"
"270","34"
"270","14"
"271","37"
"271","3"
"271","1"
"271","34"
"271","39"
"271","14"
"271","5"
"272","3"
"272","34"
"272","14"
"272","0"
"272","22"
"272","9"
"272","13"
"272","19"
"272","31"
"272","6"
"273","37"
"273","3"
"273","2"
"273","1"
"273","34"
"273","39"
"273","16"
"273","22"
"273","5"
"273","9"
"273","13"
"273","19"
"273","31"
"273","6"
"273","10"
"274","20"
"274","37"
"274","11"
"274","2"
"274","1"
"274","34"
"274","5"
"275","37"
"275","3"
"275","1"
"275","34"
"275","14"
"276","37"
"276","3"
"276","1"
"276","34"
"276","14"
"276","5"
"277","37"
"277","3"
"277","1"
"277","34"
"277","18"
"277","14"
"277","22"
"277","5"
"278","3"
"278","34"
"278","14"
"278","9"
"278","31"
"279","36"
"279","37"
"279","3"
"279","1"
"279","34"
"280","37"
"280","3"
"280","1"
"280","34"
"280","39"
"280","7"
"280","5"
"280","31"
"281","36"
"281","37"
"281","3"
"281","1"
"281","34"
"282","24"
"282","35"
"282","28"
"282","20"
"282","36"
"282","38"
"282","37"
"282","11"
"282","17"
"282","3"
"282","1"
"282","34"
"282","18"
"282","14"
"282","22"
"282","5"
"282",
"282","9"
"282","13"
"282","19"
"282","31"
"282","10"
"283","37"
"283","3"
"283","1"
"283","34"
"283","14"
"283","0"
"283","5"
"283","31"
"283","6"
"283","10"
"284","37"
"284","1"
"284","14"
"284","32"
"284","23"
"284","13"
"284","31"
"285","36"
"285","37"
"285","3"
"285","1"
"285","34"
"285","5"
"286","36"
"286","37"
"286","3"
"286","1"
"286","34"
"286","14"
"287","37"
"287","3"
"287","1"
"287","34"
"287","14"
"288","36"
"288","37"
"288","3"
"288","34"
"288","14"
"289","37"
"289","8"
"289","3"
"289","2"
"289","1"
"289","34"
"289","14"
"289","0"
"289","16"
"289","22"
"289",
"289","9"
"289","13"
"289","19"
"289","31"
"289","29"
"290","37"
"290","8"
"290","34"
"290","14"
"290","22"
"290","13"
"290","19"
"290","31"
"291","37"
"291","3"
"291","1"
"291","34"
"291","14"
"291","22"
"291","5"
"291",
"291","13"
"291","19"
"292","37"
"292","8"
"292","3"
"292","1"
"292","34"
"292","14"
"292","31"
"293","37"
"293","3"
"293","1"
"293","34"
"294","37"
"294","8"
"294","3"
"294","1"
"294","15"
"295","3"
"295","1"
"296","37"
"296","3"
"296","1"
"296","34"
"296","14"
"297","1"
"297","34"
"297","14"
"297","5"
"298","37"
"298","17"
"298","3"
"298","1"
"298","34"
"298","14"
"298","0"
"298","22"
"298","13"
"298","19"
"298","31"
"298","6"
"298","10"
"299","37"
"299","8"
"299","3"
"299","1"
"299","39"
"299","18"
"299","16"
"299","22"
"299","5"
"300","3"
"300","1"
"300","34"
"300","14"
"301","36"
"301","37"
"301","3"
"301","1"
"301","34"
"301","22"
"301","13"
"301","19"
"301","31"
"302","37"
"302","3"
"302","1"
"302","34"
"302","0"
"302","22"
"302","5"
"302","19"
"302","31"
"302","10"
"303","40"
"303","37"
"303","3"
"303","1"
"303","34"
"303","18"
"303","14"
"303","22"
"303","13"
"303","19"
"304","37"
"304","3"
"304","1"
"304","34"
"304","22"
"305","25"
"305","20"
"305","4"
"305","37"
"305","3"
"305","2"
"305","1"
"305","34"
"305","39"
"305","14"
"305","16"
"305","22"
"305","5"
"306","37"
"306","17"
"306","3"
"306","1"
"306","34"
"306","39"
"306","14"
"307","11"
"307","3"
"307","1"
"307","14"
"308","40"
"308","37"
"308","3"
"308","1"
"308","34"
"308","14"
"308","22"
"308","5"
"308","13"
"308","19"
"308","31"
"309","37"
"309","3"
"309","1"
"309","34"
"309","14"
"309","31"
"310","40"
"310","37"
"310","3"
"310","1"
"310","34"
"310","14"
"310","22"
"310","5"
"310","13"
"310","19"
"310","31"
"311","1"
"311","34"
"311","14"
"311","31"
"312","37"
"312","8"
"312","3"
"312","1"
"312","34"
"312","14"
"312","22"
"312","9"
"312","13"
"312","19"
"313","37"
"313","17"
"313","3"
"313","1"
"313","34"
"313","39"
"313","18"
"313","14"
"313","22"
"313","19"
"314","1"
"314","34"
"314","14"
"314","9"
"314","13"
"315","37"
"315","3"
"315","1"
"315","34"
"315","14"
"315","22"
"316","1"
"316","34"
"316","13"
"316","31"
"317","37"
"317","3"
"317","1"
"317","34"
"317","14"
"317","7"
"317","31"
"318","37"
"318","3"
"318","1"
"318","14"
"318","22"
"318","13"
"318","19"
"319","3"
"319","1"
"319","34"
"319","14"
"320","40"
"320","37"
"320","3"
"320","1"
"320","34"
"320","18"
"320","14"
"320","22"
"320","13"
"320","19"
"321","37"
"321","3"
"321","1"
"321","34"
"321","14"
"321","22"
"321","5"
"322","37"
"322","3"
"322","1"
"322","34"
"323","3"
"323","1"
"323","34"
"323","39"
"323","14"
"323","31"
"323","29"
"324","36"
"324","17"
"324","3"
"324","1"
"324","34"
"324","7"
"324","5"
"325","3"
"325","1"
"325","34"
"325","14"
"325","22"
"325","13"
"325","19"
"325","31"
"326","36"
"326","37"
"326","1"
"326","34"
"326","14"
"327","37"
"327","3"
"327","1"
"327","34"
"327","39"
"327","14"
"327","5"
"328","37"
"328","8"
"328","3"
"328","1"
"328","16"
"328","22"
"328","5"
"329","37"
"329","1"
"329","34"
"329","14"
"329","13"
"330","37"
"330","17"
"330","3"
"330","1"
"330","34"
"330","14"
"330","16"
"330","22"
"331","14"
"331","5"
"331","13"
"331","31"
"332","20"
"332","4"
"332","37"
"332","11"
"332","8"
"332","2"
"332","1"
"332","39"
"332","14"
"332","16"
"332","22"
"333","1"
"333","34"
"333","14"
"333","13"
"334","37"
"334","3"
"334","1"
"334","34"
"334","7"
"334","22"
"334","13"
"334","19"
"335","37"
"335","3"
"335","1"
"335","34"
"335","22"
"335","9"
"335","19"
"335","31"
"336","36"
"336","37"
"336","3"
"336","1"
"336","34"
"337","28"
"337","37"
"337","8"
"337","3"
"337","1"
"337","34"
"337","39"
"337","14"
"338","36"
"338","37"
"338","3"
"338","1"
"338","34"
"338","5"
"339","37"
"339","3"
"339","1"
"339","34"
"339","5"
"339","13"
"339","31"
"340","37"
"340","3"
"340","1"
"340","34"
"340","14"
"340","5"
"340","13"
"340","19"
"340","31"
"341","37"
"341","3"
"341","1"
"341","34"
"341","14"
"341",
"343","37"
"343","3"
"343","1"
"343","34"
"343","18"
"343","7"
"343","16"
"343","5"
"344","36"
"344","37"
"344","3"
"344","1"
"344","34"
"345","37"
"345","3"
"345","1"
"345","34"
"346","37"
"346","3"
"346","1"
"346","34"
"346","22"
"347","37"
"347","3"
"347","1"
"347","34"
"347","22"
"347","5"
"347","19"
"347","31"
"348","37"
"348","17"
"348","14"
"348","0"
"348","22"
"348","5"
"348","13"
"348","19"
"348","31"
"348","29"
"348","10"
"349","37"
"349","3"
"349","1"
"349","34"
"349","39"
"349","0"
"349","22"
"349","9"
"349","13"
"349","19"
"349","31"
"349","29"
"349","6"
"349","10"
"350","37"
"350","3"
"350","1"
"350","34"
"350","39"
"350","18"
"350","16"
"351","20"
"351","37"
"351","3"
"351","1"
"351","34"
"351","18"
"351","14"
"351","5"
"351","13"
"351","31"
"352","37"
"352","3"
"352","1"
"352","34"
"352","22"
"352","19"
"352","31"
"353","3"
"353","1"
"353","34"
"353","14"
"353","22"
"354","37"
"354","1"
"354","34"
"354","14"
"355","37"
"355","17"
"355","3"
"355","34"
"355","14"
"355","5"
"355","31"
"356","36"
"356","37"
"356","3"
"356","1"
"356","34"
"356","14"
"356","13"
"356","31"
"357","37"
"357","3"
"357","1"
"357","34"
"358","37"
"358","3"
"358","1"
"358","34"
"358","14"
"358","13"
"358","31"
"359","37"
"359","3"
"359","1"
"359","14"
"359","31"
"359","6"
"359","10"
"360","37"
"360","3"
"360","1"
"360","34"
"360","18"
"360","16"
"361","37"
"361","3"
"361","1"
"361","34"
"361","39"
"361","22"
"361","9"
"361","13"
"361","19"
"361","31"
"362","35"
"362","12"
"362","37"
"362","3"
"362","1"
"362","39"
"362","0"
"362","22"
"364","37"
"364","3"
"364","1"
"364","34"
"364","14"
"364","16"
"365","37"
"365","3"
"365","1"
"365","34"
"365","14"
"365","5"
"365","31"
"366","3"
"366","1"
"366","34"
"367","37"
"367","3"
"367","1"
"367","34"
"367","14"
"367","22"
"367","13"
"367","19"
"367","31"
"368","24"
"368","35"
"368","37"
"368","33"
"368","1"
"368","14"
"368","22"
"368","13"
"368","19"
"369","3"
"369","34"
"369","14"
"369",
"369","9"
"369","31"
"370","37"
"370","8"
"370","3"
"370","1"
"370","34"
"370","18"
"370","14"
"370","22"
"371","37"
"371","1"
"371","34"
"371","5"
"371","31"
"371","29"
"372","8"
"372","3"
"372","1"
"372","34"
"372","39"
"372","14"
"372","5"
"373","3"
"373","1"
"373","34"
"373","19"
"373","31"
"374","28"
"374","37"
"374","11"
"374","17"
"374","3"
"374","2"
"374","1"
"374","34"
"374","18"
"374","14"
"374","16"
"374","22"
"374","9"
"374","13"
"374","19"
"374","31"
"375","37"
"375","3"
"375","1"
"375","34"
"375","14"
"375","22"
"375","5"
"375","19"
"375","31"
"375","6"
"375","10"
"376","37"
"376","3"
"376","1"
"376","34"
"376","14"
"376","5"
"376","9"
"376","13"
"377","37"
"377","8"
"378","1"
"378","34"
"378","14"
"378",
"379","37"
"379","1"
"379","34"
"379","39"
"379","14"
"380","36"
"380","37"
"380","3"
"380","1"
"381","37"
"381","3"
"381","1"
"382","36"
"382","37"
"382","3"
"382","1"
"382","34"
"383","37"
"383","3"
"383","1"
"383","34"
"384","3"
"384","1"
"384","34"
"384","14"
"385","37"
"385","3"
"385","1"
"385","34"
"385","14"
"385","22"
"385","5"
"385","19"
"386","37"
"386","3"
"386","1"
"386","34"
"386","22"
"386","5"
"386","13"
"386","19"
"387","37"
"387","3"
"387","1"
"387","34"
"387","14"
"387","9"
"387","13"
"387","31"
"387","6"
"387","10"
"388","3"
"388","1"
"388","34"
"388","14"
"388","9"
"388","31"
"389","3"
"389","1"
"389","34"
"389","14"
"389","22"
"389","19"
"390","36"
"390","37"
"390","3"
"390","1"
"390","34"
"390","14"
"391","37"
"391","3"
"391","1"
"391","34"
"391","14"
"392","1"
"392","34"
"392","14"
"393","37"
"393","3"
"393","1"
"393","34"
"393","18"
"393","22"
"393","13"
"393","19"
"394","37"
"394","3"
"394","1"
"395","1"
"395","34"
"396","37"
"396","1"
"396","34"
"396","31"
"397","37"
"397","3"
"397","1"
"397","18"
"397","14"
"398","37"
"398","17"
"398","3"
"398","1"
"398","34"
"398","14"
"398","16"
"398","22"
"398","19"
"398","31"
"399","37"
"399","3"
"399","1"
"399","34"
"399","39"
"399","5"
"399","31"
"400","37"
"400","3"
"400","1"
"400","34"
"400",
"401","37"
"401","3"
"401","1"
"401","34"
"401","39"
"401","14"
"402","37"
"402","3"
"402","1"
"402","34"
"402","14"
"402","22"
"402","13"
"402","19"
"402","31"
"404","37"
"404","3"
"404","1"
"404","0"
"404","22"
"404","19"
"405","39"
"405","14"
"406","37"
"406","3"
"406","1"
"406","34"
"407","37"
"407","3"
"407","1"
"407","34"
"407","14"
"407","5"
"407","31"
"408","37"
"408","3"
"408","1"
"408","34"
"408","5"
"409","3"
"409","1"
"409","34"
"409","14"
"410","1"
"410","34"
"411","34"
"411","14"
"411","13"
"411","31"
"412","3"
"412","1"
"412","34"
"413","37"
"413","3"
"413","1"
"413","34"
"413","39"
"413","16"
"413","22"
"413","5"
"414","36"
"414","37"
"414","3"
"414","1"
"414","34"
"415","20"
"415","17"
"415","3"
"415","34"
"415","39"
"415","14"
"415","22"
"415","5"
"415","9"
"415","13"
"415","31"
"416","20"
"416","37"
"416","3"
"416","1"
"416","34"
"416","14"
"416","22"
"417","37"
"417","3"
"417","1"
"417","22"
"417","31"
"419","37"
"419","3"
"419","1"
"419","34"
"419","16"
"419","22"
"420","36"
"420","37"
"420","3"
"420","1"
"420","34"
"420","14"
"420","5"
"421","28"
"421","36"
"421","37"
"421","1"
"421","34"
"421","14"
"422","37"
"422","3"
"422","1"
"422","34"
"422","0"
"422","22"
"422","5"
"422","9"
"422","13"
"422","19"
"422","31"
"422","6"
"422","10"
"423","37"
"423","17"
"423","3"
"423","2"
"423","5"
"423","31"
"424","37"
"424","3"
"424","1"
"424","34"
"424","0"
"424","22"
"424","5"
"424","9"
"424","13"
"424","19"
"424","31"
"425","37"
"425","1"
"425","34"
"425","18"
"425","0"
"425","6"
"425","10"
"426","3"
"426","1"
"426","34"
"426","14"
"426","31"
"427","37"
"427","3"
"427","1"
"427","34"
"427","31"
"428","3"
"428","1"
"428","34"
"428","14"
"428","9"
"428","31"
"429","37"
"429","3"
"429","1"
"429","34"
"429","14"
"430","1"
"430","34"
"430","39"
"430","14"
"431","37"
"431","3"
"431","34"
"431","16"
"432","11"
"432","14"
"433","36"
"433","3"
"433","1"
"433","34"
"433","9"
"433","13"
"433","31"
"434","1"
"434","34"
"434","39"
"435","37"
"435","3"
"435","1"
"435","34"
"435","14"
"435","5"
"436","36"
"436","37"
"436","3"
"436","1"
"436","34"
"436","14"
"437","3"
"437","1"
"437","34"
"437","14"
"438","3"
"438","1"
"438","34"
"438","14"
"439","37"
"439","3"
"439","1"
"439","34"
"439","14"
"439","22"
"439","5"
"440","3"
"440","1"
"440","34"
"440","14"
"441","36"
"441","37"
"441","3"
"441","1"
"442","37"
"442","3"
"442","1"
"442","34"
"442","14"
"443","1"
"443","34"
"444","3"
"444","1"
"444","34"
"444","39"
"444","14"
"445","37"
"445","3"
"445","1"
"445","39"
"446","3"
"446","1"
"446","34"
"446","39"
"446","14"
"447","1"
"447","34"
"447","39"
"447","14"
"448","37"
"448","3"
"448","1"
"448","34"
"448","14"
"448","5"
"448","31"
"449","37"
"449","3"
"449","1"
"449","34"
"449","39"
"449","14"
"449","16"
"449","22"
"449","5"
"449","9"
"449","13"
"449","19"
"449","31"
"449","6"
"449","10"
"450","36"
"450","37"
"450","3"
"450","1"
"450","34"
"450","39"
"450","5"
"451","37"
"451","3"
"451","1"
"451","34"
"451","14"
"452","36"
"452","37"
"452","8"
"452","3"
"452","1"
"452","34"
"452","14"
"453","36"
"453","3"
"453","1"
"453","34"
"453","13"
"453","31"
"454","25"
"454","37"
"454","3"
"454","1"
"454","34"
"454","39"
"454","18"
"454","14"
"454","0"
"454","7"
"454","22"
"454","5"
"454","13"
"454","19"
"454","31"
"454","6"
"454","10"
"455","37"
"455","3"
"455","1"
"455","34"
"455","22"
"455","5"
"455","19"
"455","31"
"456","35"
"456","40"
"456","17"
"456","8"
"456","1"
"456","14"
"456","5"
"456","13"
"457","36"
"457","37"
"457","3"
"457","34"
"457","14"
"458","37"
"458","3"
"458","1"
"458","34"
"459","25"
"459","20"
"459","37"
"459","8"
"459","3"
"459","34"
"459","18"
"459","14"
"459","7"
"459","22"
"460","37"
"460","3"
"460","1"
"460","34"
"460","39"
"460","18"
"460","22"
"460","5"
"460","19"
"461","24"
"461","28"
"461","3"
"462","37"
"462","3"
"462","1"
"462","34"
"462","39"
"462","14"
"462","22"
"462","13"
"462","19"
"463","37"
"463","3"
"463","1"
"463","34"
"463","7"
"463","22"
"463","5"
"463","13"
"463","19"
"464","1"
"464","34"
"465","37"
"465","3"
"465","1"
"465","34"
"465","18"
"466","36"
"466","3"
"466","1"
"466","34"
"466","14"
"467","37"
"467","11"
"467","3"
"467","1"
"467","34"
"468","37"
"468","17"
"468","3"
"468","1"
"468","34"
"468","0"
"468","13"
"468","31"
"468","29"
"468","21"
"468","6"
"469","2"
"469","22"
"469","5"
"470","1"
"470","34"
"470","18"
"471","37"
"471","17"
"471","3"
"471","5"
"472","24"
"472","35"
"472","28"
"472","12"
"472","25"
"472","20"
"472","40"
"472","4"
"472","37"
"472","11"
"472","17"
"472","8"
"472","3"
"472","2"
"472","1"
"472","34"
"472","39"
"472","18"
"472","15"
"472","14"
"472","16"
"472","22"
"472","5"
"472","32"
"472","23"
"473","3"
"473","1"
"473","34"
"473","14"
"473","5"
"473","9"
"473","31"
"474","37"
"474","3"
"474","1"
"474","34"
"474","14"
"474","22"
"474","5"
"475","37"
"475","3"
"475","1"
"475","34"
"475","39"
"475","16"
"476","37"
"476","3"
"476","1"
"476","34"
"476","14"
"476","22"
"476","5"
"476",
"476",
"476",
"476","9"
"476","19"
"476","31"
"477","34"
"477","14"
"477","22"
"478","37"
"478","8"
"478","3"
"478","1"
"478","34"
"478","18"
"478","14"
"478","22"
"478","5"
"478","13"
"478","19"
"478","31"
"479","14"
"480","34"
"480","14"
"480","22"
"480","19"
"480","31"
"481","36"
"481","37"
"481","3"
"481","1"
"481","34"
"482","37"
"482","3"
"482","1"
"482","34"
"482","14"
"482","5"
"482","31"
"483","36"
"483","37"
"483","3"
"483","1"
"483","5"
"484","4"
"484","37"
"484","3"
"484","1"
"484","34"
"484","14"
"484","22"
"484","19"
"484","31"
"485","37"
"485","3"
"485","1"
"485","34"
"486","37"
"486","3"
"486","1"
"486","34"
"486","14"
"486","22"
"486","5"
"487","1"
"487","34"
"488","3"
"488","39"
"488","22"
"488","9"
"488","13"
"488","31"
"489","24"
"489","35"
"489","37"
"489","17"
"489","8"
"489","3"
"489","1"
"489","26"
"489","34"
"489","14"
"489","22"
"490","37"
"490","3"
"490","1"
"490","34"
"490","14"
"490","13"
"490","31"
"491","36"
"491","37"
"491","3"
"491","1"
"492","37"
"492","3"
"492","1"
"492","34"
"492","14"
"493","37"
"493","3"
"493","1"
"493","34"
"493","14"
"493","22"
"494","3"
"494","1"
"494","34"
"494","14"
"494","31"
"495","37"
"495","3"
"495","1"
"495","34"
"495","22"
"495","19"
"495","31"
"496","37"
"496","3"
"496","1"
"496","34"
"496","14"
"496","22"
"496","9"
"496","13"
"496","19"
"496","31"
"497","3"
"497","1"
"497","34"
"497","14"
"497","5"
"498","37"
"498","17"
"498","1"
"498","34"
"498","22"
"498","13"
"498","19"
"498","31"
"500","37"
"500","3"
"500","1"
"500","14"
"500","22"
"500","13"
"500","19"
"500","31"
"501","37"
"501","3"
"501","1"
"501","34"
"501","5"
"501","31"
"502","37"
"502","3"
"502","1"
"502","34"
"502","14"
"502","7"
"502","22"
"502","5"
"502","19"
"503","37"
"503","3"
"503","1"
"503","34"
"503","22"
"503","13"
"503","19"
"503","31"
"504","37"
"504","3"
"504","1"
"504","34"
"504","14"
"504","0"
"504","22"
"504","5"
"504","13"
"504","19"
"504","31"
"504","29"
"504","21"
"504","6"
"504","10"
"505","25"
"505","20"
"505","4"
"505","37"
"505","3"
"505","2"
"505","1"
"505","34"
"505","39"
"505","18"
"505","14"
"505","16"
"505","22"
"505","5"
"506","17"
"507","37"
"507","3"
"507","1"
"507","34"
"508","37"
"508","8"
"508","3"
"508","1"
"508","34"
"508","39"
"508","14"
"508","22"
"508","5"
"508","13"
"508","19"
"508","31"
"509","37"
"509","3"
"509","1"
"509","34"
"509","14"
"509","13"
"510","1"
"510","34"
"510","19"
"510","31"
"511","37"
"511","3"
"511","1"
"511","14"
"512","37"
"512","3"
"512","1"
"512","34"
"512","14"
"512","0"
"512","22"
"512","5"
"512","13"
"512","19"
"512","31"
"512","29"
"512","21"
"512","6"
"512","10"
"513","37"
"513","17"
"513","1"
"513","34"
"513","13"
"513","31"
"514","3"
"514","1"
"514","34"
"515","37"
"515","3"
"515","1"
"515","34"
"515","16"
"515","22"
"515","13"
"515","19"
"515","31"
"516","37"
"516","3"
"516","1"
"516","34"
"516","39"
"516","22"
"516","5"
"516","13"
"516","19"
"516","31"
"517","34"
"517","14"
"517",
"518","3"
"518","1"
"518","34"
"518","14"
"518","31"
"519","37"
"519","8"
"520","37"
"520","3"
"520","1"
"520","34"
"520","22"
"520","5"
"520","13"
"520","19"
"520","31"
"520","6"
"520","10"
"521","37"
"521","3"
"521","1"
"521","34"
"521","22"
"521","13"
"521","19"
"521","31"
"521","6"
"521","10"
"522","3"
"522","1"
"522","39"
"522","14"
"523","37"
"523","3"
"523","34"
"523","0"
"523","22"
"523","13"
"523","19"
"523","31"
"523","21"
"523","6"
"523","10"
"524","37"
"524","3"
"524","1"
"524","34"
"524","14"
"524","0"
"524","31"
"524","29"
"524","10"
"525","1"
"525","34"
"526","3"
"526","1"
"526","34"
"527","36"
"527","37"
"527","3"
"527","1"
"527","34"
"528","25"
"528","20"
"528","4"
"528","37"
"528","11"
"528","3"
"528","2"
"528","1"
"528","34"
"528","39"
"528","18"
"528","14"
"528","16"
"528","22"
"528","5"
"530","3"
"530","1"
"530","34"
"530","14"
"531","37"
"531","3"
"531","1"
"531","34"
"531","14"
"531","22"
"532","3"
"532","1"
"532","34"
"532","14"
"533","37"
"533","3"
"533","1"
"533","34"
"533","14"
"533","22"
"533","5"
"533","19"
"533","31"
"534","1"
"534","34"
"534","14"
"534","5"
"534","13"
"534","31"
"535","8"
"535","1"
"535","34"
"535","14"
"536","36"
"536","37"
"536","3"
"536","1"
"536","5"
"537","37"
"537","8"
"537","3"
"537","34"
"537","39"
"537","18"
"537","14"
"537","16"
"537","22"
"538","37"
"538","2"
"538","1"
"538","0"
"538","22"
"538","13"
"538","19"
"538","31"
"539","37"
"539","18"
"539","14"
"539","19"
"539","31"
"539","21"
"540","3"
"540","1"
"540","34"
"541","17"
"541","3"
"541","1"
"541","34"
"541","14"
"541","0"
"541","22"
"541","5"
"541",
"541",
"541",
"541","9"
"541","13"
"541","19"
"541","31"
"541","29"
"541","6"
"542","1"
"542","34"
"542","14"
"542","0"
"542","22"
"542","9"
"542","13"
"542","19"
"542","31"
"542","29"
"543","37"
"543","17"
"543","8"
"543","3"
"543","1"
"543","34"
"543","14"
"543","22"
"543","13"
"543","19"
"543","31"
"544","37"
"544","1"
"544","5"
"544","31"
"545","36"
"545","37"
"545","3"
"545","1"
"545","34"
"545","22"
"545","5"
"546","37"
"546","17"
"546","3"
"546","1"
"546","34"
"546","22"
"546","13"
"546","19"
"546","31"
"547","3"
"547","1"
"547","34"
"547","14"
"547","5"
"547","9"
"548","1"
"548","34"
"548","14"
"549","37"
"549","8"
"549","3"
"549","2"
"549","1"
"549","34"
"549","10"
"550","37"
"550","3"
"550","1"
"550","34"
"550","14"
"551","24"
"551","35"
"551","37"
"551","17"
"551","3"
"551","27"
"551","1"
"551","34"
"551","18"
"551","14"
"551","22"
"551","5"
"551","19"
"552","37"
"552","3"
"552","1"
"552","34"
"552","18"
"552","14"
"552","16"
"552","5"
"552","23"
"552","31"
"555","37"
"555","3"
"555","1"
"555","34"
"555","14"
"556","37"
"556","3"
"556","39"
"556","14"
"556","22"
"556","5"
"556","13"
"556","19"
"557","36"
"557","37"
"557","3"
"557","1"
"557","34"
"558","37"
"558","3"
"558","1"
"558","34"
"558","14"
"558","22"
"558","19"
"559","37"
"559","3"
"559","1"
"559","34"
"559","14"
"560","37"
"560","3"
"560","1"
"560","34"
"560","7"
"560","22"
"561","37"
"561","3"
"561","1"
"561","34"
"561","18"
"561","14"
"562","1"
"562","34"
"562","5"
"562",
"562",
"562",
"562","9"
"562","31"
"563","37"
"563","8"
"563","3"
"563","2"
"563","1"
"563","34"
"563","10"
"564","36"
"564","37"
"564","3"
"564","1"
"564","34"
"564","14"
"564","5"
"565","37"
"565","17"
"565","3"
"565","1"
"565","34"
"565","14"
"565","16"
"565","31"
"566","37"
"566","3"
"566","1"
"566","34"
"567","36"
"567","37"
"567","1"
"567","34"
"567","14"
"568","3"
"568","1"
"568","34"
"568","14"
"568","22"
"569","1"
"569","34"
"569","14"
"569","31"
"571","37"
"571","3"
"571","1"
"571","34"
"571","7"
"571","31"
"572","37"
"572","3"
"572","1"
"572","34"
"572","18"
"572","22"
"572","13"
"572","19"
"572","31"
"573","3"
"573","1"
"573","34"
"573","39"
"573","14"
"573","31"
"574","3"
"574","1"
"574","34"
"574","18"
"574","14"
"575","37"
"575","3"
"575","1"
"575","34"
"575","14"
"576","37"
"576","3"
"576","1"
"576","34"
"576","14"
"576",
"576","19"
"576","31"
"577","37"
"577","3"
"577","1"
"577","34"
"577","22"
"578","36"
"578","37"
"578","3"
"578","1"
"578","34"
"579","3"
"579","1"
"579","34"
"579","5"
"579","31"
"580","36"
"580","37"
"580","17"
"580","3"
"580","1"
"580","34"
"580","14"
"580","22"
"581","37"
"581","3"
"581","1"
"581","34"
"581","22"
"581","19"
"581","31"
"582","1"
"582","34"
"582","14"
"582","5"
"583","36"
"583","37"
"583","15"
"583","14"
"583","5"
"583","13"
"583","31"
"584","3"
"584","1"
"584","34"
"585","11"
"585","3"
"585","2"
"585","1"
"585","34"
"585","39"
"585","18"
"585","14"
"585","5"
"586","1"
"586","34"
"586","31"
"587","37"
"587","3"
"587","1"
"587","34"
"587","14"
"587","22"
"587","9"
"587","13"
"587","19"
"587","31"
"588","37"
"588","11"
"588","17"
"588","2"
"588","1"
"588","22"
"588","5"
"589","37"
"589","8"
"589","3"
"589","1"
"589","34"
"589","14"
"589","22"
"589","19"
"589","31"
"590","37"
"590","3"
"590","1"
"590","34"
"590","14"
"590","5"
"590","31"
"591","8"
"591","3"
"591","1"
"591","34"
"591","14"
"592","3"
"592","1"
"592","34"
"593","34"
"593","14"
"594","3"
"594","1"
"594","34"
"594","39"
"594","14"
"594","9"
"594","13"
"594","31"
"595","37"
"595","3"
"595","1"
"595","34"
"595","14"
"595","22"
"596","1"
"596","34"
"596","14"
"596",
"597","3"
"597","1"
"597","34"
"597","39"
"597","14"
"597","13"
"598","37"
"598","17"
"598","3"
"598","1"
"598","34"
"598","14"
"598","16"
"598","22"
"599","37"
"599","3"
"599","1"
"599","34"
"599","7"
"599","16"
"599","5"
"601","3"
"601","1"
"601","34"
"601","14"
"601","5"
"601",
"601",
"602","3"
"602","1"
"602","34"
"602","14"
"604","3"
"604","1"
"604","34"
"604","14"
"604","31"
"605","37"
"605","3"
"605","1"
"605","34"
"605","39"
"605","14"
"605","22"
"605","5"
"605","9"
"605","13"
"605","19"
"605","31"
"606","37"
"606","3"
"606","1"
"606","34"
"606","31"
"607","3"
"607","1"
"607","34"
"608","37"
"608","3"
"608","1"
"608","34"
"608","14"
"608","9"
"608","13"
"608","31"
"609","37"
"609","3"
"609","1"
"609","34"
"609","14"
"609","22"
"609","13"
"609","19"
"609","31"
"610","37"
"610","3"
"610","34"
"610","0"
"610","16"
"610","22"
"610","9"
"610","13"
"610","19"
"610","31"
"610","6"
"610","10"
"611","37"
"611","3"
"611","1"
"611","34"
"611","16"
"612","35"
"612","12"
"612","37"
"612","8"
"612","1"
"612","14"
"612","5"
"613","37"
"613","3"
"613","1"
"613","34"
"613","18"
"613","14"
"614","37"
"614","3"
"614","1"
"614","34"
"614","22"
"614","5"
"614","13"
"614","19"
"614","31"
"615","37"
"615","3"
"615","1"
"616","37"
"616","3"
"616","1"
"616","34"
"616","39"
"616","14"
"617","37"
"617","11"
"617","8"
"617","3"
"617","2"
"617","1"
"617","34"
"617","14"
"617","16"
"617","22"
"617","5"
"617",
"618","37"
"618","11"
"618","3"
"618","2"
"618","1"
"618","34"
"618","14"
"618","16"
"618","22"
"618","5"
"618",
"618",
"619","37"
"619","3"
"619","1"
"619","34"
"619","14"
"619","6"
"619","10"
"621","3"
"621","1"
"621","34"
"621","18"
"621","14"
"622","37"
"622","3"
"622","1"
"622","34"
"622","22"
"622","13"
"622","19"
"622","31"
"623","37"
"623","3"
"623","1"
"623","34"
"623","39"
"623","14"
"624","37"
"624","3"
"624","1"
"624","34"
"624","7"
"624","22"
"625","3"
"625","14"
"625","13"
"625","31"
"626","37"
"626","3"
"626","1"
"626","34"
"626","7"
"626","31"
"627","20"
"627","37"
"627","17"
"627","3"
"627","1"
"627","34"
"627","39"
"627","18"
"627","14"
"627","16"
"627","5"
"628","3"
"628","1"
"628","34"
"629","37"
"629","3"
"629","1"
"629","34"
"629","22"
"629","13"
"629","19"
"629","31"
"631","36"
"631","34"
"631","14"
"632","37"
"632","3"
"632","1"
"632","34"
"632","14"
"632","16"
"632","22"
"632",
"632",
"632",
"633","25"
"633","20"
"633","4"
"633","37"
"633","17"
"633","8"
"633","1"
"633","22"
"633","13"
"633","19"
"633","31"
"634","37"
"634","17"
"634","3"
"634","1"
"634","34"
"634","14"
"634","22"
"634","5"
"634","19"
"634","31"
"635","37"
"635","3"
"635","1"
"635","34"
"635","22"
"635","5"
"635","13"
"635","19"
"635","31"
"636","34"
"636","39"
"636","14"
"637","37"
"637","8"
"637","3"
"637","1"
"637","34"
"637","14"
"637","22"
"637","5"
"637","19"
"637","31"
"638","3"
"638","1"
"638","34"
"638","39"
"639","37"
"639","8"
"639","3"
"639","1"
"639","34"
"639","39"
"639","18"
"639","14"
"639","22"
"639","5"
"639","13"
"639","19"
"640","3"
"640","1"
"640","34"
"640","14"
"640","22"
"640","5"
"640",
"641","37"
"641","3"
"641","1"
"641","34"
"641","14"
"641","22"
"641","5"
"641","30"
"641","13"
"641","19"
"641","31"
"642","37"
"642","3"
"642","1"
"642","34"
"642","14"
"642",
"643","40"
"643","37"
"643","8"
"643","3"
"643","1"
"643","34"
"643","14"
"643","22"
"643","5"
"643","13"
"643","19"
"643","31"
"644","37"
"644","3"
"644","1"
"644","34"
"644","0"
"644","16"
"644","22"
"644","5"
"644",
"644",
"644",
"644","9"
"644","13"
"644","19"
"644","31"
"644","29"
"644","6"
"644","10"
"645","3"
"645","1"
"645","34"
"645","14"
"645","5"
"645","31"
"646","37"
"646","3"
"646","1"
"646","34"
"646","39"
"646","14"
"647","37"
"647","11"
"647","8"
"647","3"
"647","2"
"647","1"
"647","34"
"647","14"
"647","16"
"647","22"
"647","5"
"648","3"
"648","1"
"648","34"
"648","31"
"649","4"
"649","37"
"649","3"
"649","1"
"649","34"
"649","39"
"649","18"
"649","14"
"649","0"
"649","22"
"649","5"
"649","13"
"649","19"
"649","31"
"649","6"
"649","10"
"650","37"
"650","3"
"650","1"
"650","34"
"650","39"
"650","14"
"650","9"
"650","13"
"650","19"
"650","31"
"651","37"
"651","3"
"651","1"
"651","34"
"651","39"
"651","31"
"652","37"
"652","3"
"652","1"
"652","34"
"652","39"
"652","14"
"652","16"
"652","22"
"653","12"
"653","37"
"653","11"
"653","3"
"653","1"
"653","34"
"653","14"
"653","16"
"653","22"
"654","20"
"654","3"
"654","1"
"654","34"
"654","14"
"654","22"
"654","9"
"654","13"
"654","19"
"654","31"
"655","20"
"655","37"
"655","17"
"655","3"
"655","1"
"655","34"
"655","14"
"655","22"
"655","9"
"655","13"
"655","19"
"655","31"
"656","37"
"656","11"
"656","3"
"656","2"
"656","1"
"656","34"
"656","16"
"656","22"
"656","5"
"657","3"
"657","1"
"657","34"
"657","14"
"657","31"
"658","37"
"658","3"
"658","1"
"658","34"
"658","14"
"659","37"
"659","3"
"659","1"
"659","14"
"660","37"
"660","3"
"660","1"
"660","14"
"660","31"
"660","6"
"660","10"
"661","37"
"661","3"
"661","34"
"661","39"
"661","18"
"661","22"
"662","40"
"662","37"
"662","8"
"662","39"
"662","14"
"662","22"
"662","5"
"663","34"
"663","14"
"664","3"
"664","1"
"664","34"
"664","14"
"665","37"
"665","3"
"665","1"
"665","34"
"665","5"
"665","30"
"665","31"
"666","37"
"666","17"
"666","34"
"666","14"
"666","22"
"666","5"
"666","13"
"666","19"
"666","31"
"666","10"
"667","37"
"667","3"
"667","1"
"667","34"
"667","39"
"668","3"
"668","1"
"668","34"
"668","14"
"668","13"
"668","31"
"669","37"
"669","3"
"669","1"
"669","34"
"669","14"
"669","7"
"670","37"
"670","17"
"670","3"
"670","1"
"670","34"
"670","7"
"670","22"
"671","37"
"671","3"
"671","1"
"671","34"
"671","14"
"671","22"
"671","13"
"671","19"
"671","31"
"672","24"
"672","35"
"672","28"
"672","12"
"672","37"
"672","11"
"672","8"
"672","3"
"672","2"
"672","1"
"672","34"
"672","39"
"672","15"
"672","14"
"672","16"
"672","22"
"672","5"
"672","32"
"673","37"
"673","3"
"673","1"
"673","34"
"673","14"
"673","5"
"673","31"
"675","3"
"675","1"
"675","34"
"676","36"
"676","37"
"676","3"
"676","1"
"676","34"
"676","5"
"677","3"
"677","1"
"677","34"
"678","34"
"679","36"
"679","37"
"679","3"
"679","1"
"679","34"
"679","5"
"680","37"
"680","3"
"680","1"
"680","34"
"681","3"
"681","2"
"681","1"
"681","34"
"681","14"
"681","13"
"681","31"
"683","20"
"683","37"
"683","3"
"683","22"
"683","5"
"683","19"
"683","31"
"685","37"
"685","3"
"685","1"
"685","34"
"685","7"
"685","22"
"685","5"
"685","13"
"685","19"
"686","37"
"686","3"
"686","1"
"686","14"
"686","22"
"686","19"
"686","31"
"687","37"
"687","3"
"687","1"
"687","34"
"687","14"
"687","22"
"687","5"
"687","13"
"687","19"
"687","31"
"688","37"
"688","8"
"688","3"
"688","1"
"688","34"
"688","14"
"688","16"
"688","22"
"688","5"
"688",
"688",
"688",
"688","13"
"688","31"
"689","37"
"689","3"
"689","1"
"689","34"
"689","18"
"689","16"
"689","22"
"689","5"
"689","9"
"689","13"
"689","19"
"690","37"
"690","3"
"690","1"
"690","34"
"690","14"
"690","5"
"691","14"
"691","13"
"691","31"
"692","37"
"692","3"
"692","1"
"692","39"
"692","18"
"692","14"
"692","0"
"692","6"
"692","10"
"693","3"
"693","1"
"693","34"
"693","14"
"693","31"
"693","29"
"693","21"
"694","37"
"694","17"
"694","3"
"694","1"
"694","34"
"694","39"
"694","18"
"694","16"
"694","5"
"695","37"
"695","3"
"695","1"
"695","34"
"695","16"
"695","22"
"695","5"
"695","13"
"695","19"
"695","31"
"696","25"
"696","20"
"696","37"
"696","17"
"696","1"
"696","34"
"696","18"
"696","14"
"696","0"
"696","9"
"696","13"
"696","31"
"697","37"
"697","3"
"697","1"
"697","34"
"697","22"
"698","3"
"698","1"
"698","34"
"698","9"
"698","31"
"699","3"
"699","1"
"699","34"
"699","14"
"700","37"
"700","3"
"700","1"
"700","34"
"700","14"
"701","37"
"701","3"
"701","1"
"701","34"
"701","5"
"701","31"
"702","37"
"702","8"
"702","1"
"702","34"
"703","37"
"703","3"
"703","1"
"703","34"
"703","14"
"703","22"
"703","5"
"703","9"
"703","13"
"703","19"
"703","31"
"704","37"
"704","3"
"704","1"
"704","34"
"704","14"
"704","5"
"705","37"
"705","3"
"705","1"
"705","34"
"705","22"
"705","5"
"706","37"
"706","3"
"706","34"
"706","39"
"706","16"
"707","37"
"707","3"
"707","1"
"707","14"
"707","31"
"708","1"
"708","34"
"708","14"
"709","37"
"709","3"
"709","1"
"709","34"
"709","16"
"709","22"
"709","5"
"709","13"
"709","19"
"709","31"
"710","18"
"710","14"
"710","22"
"710","5"
"711","37"
"711","8"
"711","3"
"711","1"
"711","34"
"711","18"
"711","14"
"712","4"
"712","37"
"712","17"
"712","8"
"712","3"
"712","1"
"712","34"
"712","14"
"712","16"
"712","22"
"712","5"
"712","19"
"713","37"
"713","2"
"713","1"
"713","14"
"713","22"
"713","13"
"713","19"
"713","31"
"714","37"
"714","8"
"714","3"
"714","34"
"714","14"
"714","5"
"715","3"
"715","1"
"715","34"
"715","39"
"715","14"
"715","5"
"716","36"
"716","37"
"716","3"
"716","1"
"716","34"
"716","14"
"716","5"
"716","31"
"717","37"
"717","3"
"717","1"
"717","5"
"718","37"
"718","8"
"718","3"
"718","1"
"718","34"
"718","14"
"718","22"
"718","5"
"718","19"
"718","31"
"719","37"
"719","3"
"719","1"
"719","34"
"719","14"
"719","22"
"719","5"
"720","37"
"720","3"
"720","34"
"720","22"
"720","19"
"720","31"
"721","37"
"721","3"
"721","1"
"721","34"
"721","39"
"721","14"
"722","36"
"722","37"
"722","3"
"722","1"
"722","34"
"722","14"
"722","5"
"722","31"
"723","25"
"723","37"
"723","3"
"723","1"
"723","14"
"723","0"
"723","22"
"723","31"
"724","37"
"724","8"
"724","3"
"724","1"
"724","34"
"724","14"
"724","22"
"724","5"
"724","9"
"724","13"
"724","19"
"724","31"
"725","37"
"725","3"
"725","1"
"725","34"
"725","22"
"725","5"
"726","3"
"726","1"
"726","34"
"726","39"
"726","31"
"727","36"
"727","37"
"727","3"
"727","1"
"727","34"
"727","14"
"727","5"
"728","37"
"728","3"
"728","1"
"728","34"
"728","14"
"728","22"
"728","5"
"729","37"
"729","3"
"729","1"
"729","34"
"729","18"
"729","14"
"730","37"
"730","3"
"730","1"
"730","39"
"730","14"
"730","22"
"730","19"
"731","37"
"731","3"
"731","1"
"731","34"
"731","14"
"731","22"
"731","5"
"732","37"
"732","3"
"732","1"
"732","34"
"732","5"
"733","37"
"733","3"
"733","1"
"733","34"
"733","18"
"733","14"
"733","22"
"733","13"
"733","19"
"734","37"
"734","17"
"734","3"
"734","1"
"734","34"
"734","14"
"734","22"
"734","5"
"734","13"
"734","19"
"734","31"
"735","37"
"735","3"
"735","1"
"735","34"
"735","39"
"735","14"
"736","37"
"736","3"
"736","1"
"736","22"
"736","9"
"736","19"
"736","31"
"737","3"
"737","1"
"737","14"
"737","31"
"738","25"
"738","37"
"738","17"
"738","3"
"738","18"
"738","16"
"738","22"
"738","5"
"739","36"
"739","37"
"739","3"
"739","1"
"739","34"
"739","14"
"739","5"
"740","40"
"740","36"
"740","37"
"740","17"
"740","3"
"740","1"
"740","34"
"740","18"
"740","14"
"740","5"
"740","31"
"741","3"
"741","1"
"741","34"
"742","35"
"742","37"
"742","17"
"742","1"
"742","34"
"742","14"
"742","22"
"743","37"
"743","3"
"743","1"
"743","34"
"743","16"
"743","22"
"743","5"
"743","19"
"743","31"
"744","25"
"744","37"
"744","3"
"744","1"
"744","34"
"744","14"
"744","22"
"744","5"
"744","13"
"744","19"
"744","31"
"745","3"
"745","1"
"745","34"
"745","14"
"746","37"
"746","3"
"746","1"
"746","34"
"746","16"
"746","22"
"746","5"
"747","37"
"747","3"
"747","1"
"747","34"
"747","14"
"747","31"
"748","37"
"748","3"
"748","1"
"748","34"
"748","14"
"749","34"
"749","14"
"750","37"
"750","3"
"750","1"
"750","34"
"750","22"
"750","5"
"750","13"
"750","19"
"750","31"
"751","20"
"751","37"
"751","17"
"751","8"
"751","3"
"751","1"
"751","34"
"751","39"
"751","14"
"751","0"
"751","16"
"751","22"
"752","1"
"752","34"
"752","14"
"754","3"
"754","1"
"754","34"
"754","31"
"755","37"
"755","1"
"755","14"
"755","22"
"755","13"
"755","19"
"755","31"
"756","3"
"756","1"
"756","34"
"756","14"
"756","13"
"756","31"
"757","3"
"757","1"
"757","34"
"757","14"
"758","22"
"758","5"
"758","30"
"759","37"
"759","3"
"759","1"
"759","34"
"759","39"
"759","31"
"760","37"
"760","3"
"760","1"
"760","34"
"760","31"
"761","36"
"761","37"
"761","3"
"761","1"
"761","34"
"761","14"
"761","0"
"761","5"
"761","13"
"761","31"
"762","37"
"762","34"
"762","0"
"762","31"
"763","37"
"763","3"
"763","1"
"763","34"
"763","16"
"765","3"
"765","1"
"765","34"
"765","14"
"766","11"
"766","14"
"766","5"
"766","13"
"766","19"
"766","31"
"767","37"
"767","3"
"767","1"
"767","34"
"767","22"
"767","5"
"767","13"
"767","19"
"767","31"
"768","37"
"768","3"
"768","1"
"768","34"
"768","7"
"769","37"
"769","3"
"769","1"
"769","34"
"769","14"
"769","22"
"769","5"
"769","13"
"769","19"
"769","31"
"769","6"
"769","10"
"770","37"
"770","17"
"770","3"
"770","1"
"770","34"
"770","14"
"771","37"
"771","3"
"771","1"
"771","34"
"771","14"
"771","0"
"771","22"
"771","5"
"771","13"
"771","19"
"771","31"
"771","29"
"772","37"
"772","3"
"772","1"
"772","34"
"772","18"
"772","14"
"773","37"
"773","3"
"773","1"
"773","34"
"773","5"
"774","37"
"774","3"
"774","1"
"774","34"
"774","14"
"775","1"
"775","34"
"775","14"
"776","37"
"776","3"
"776","1"
"776","5"
"777","37"
"777","1"
"777","34"
"777","14"
"777","22"
"777","5"
"777","19"
"777","31"
"778","37"
"778","3"
"778","1"
"778","34"
"778","14"
"778","22"
"778","5"
"779","37"
"779","3"
"779","1"
"779","34"
"780","3"
"780","1"
"780","34"
"780","14"
"781","37"
"781","17"
"781","3"
"781","1"
"781","34"
"781","14"
"781","22"
"781","5"
"781","9"
"781","13"
"781","19"
"781","31"
"782","37"
"782","3"
"782","1"
"782","34"
"782","14"
"782","22"
"782","13"
"782","19"
"782","31"
"782","6"
"782","10"
"783","1"
"783","34"
"783","14"
"784","1"
"784","34"
"784","14"
"785","3"
"785","1"
"785","34"
"785","14"
"786","37"
"786","3"
"786","1"
"786","34"
"786","14"
"787","36"
"787","37"
"787","3"
"787","1"
"787","34"
"787","14"
"787","5"
"787","9"
"787","31"
"788","37"
"788","3"
"788","1"
"788","34"
"788","18"
"788","14"
"788","7"
"788","5"
"788","31"
"789","37"
"789","3"
"789","1"
"789","34"
"789","39"
"789","7"
"789","16"
"789","5"
"790","37"
"790","3"
"790","1"
"790","34"
"790","14"
"791","8"
"791","1"
"791","39"
"791","14"
"792","37"
"792","3"
"792","1"
"792","34"
"792","14"
"792","22"
"792","13"
"792","19"
"793","36"
"793","37"
"793","3"
"793","1"
"793","34"
"794","3"
"794","1"
"794","34"
"794","39"
"794",
"795","37"
"795","3"
"795","1"
"795","34"
"795","14"
"795","0"
"795","22"
"795","31"
"795","29"
"795","21"
"795","6"
"795","10"
"796","4"
"796","37"
"796","3"
"796","1"
"796","34"
"796","14"
"796","31"
"797","37"
"797","3"
"797","1"
"797","34"
"797","39"
"797","14"
"797","22"
"797","13"
"797","19"
"797","31"
"798","37"
"798","3"
"798","1"
"798","34"
"798","22"
"798","5"
"798","13"
"798","19"
"798","31"
"799","37"
"799","3"
"799","1"
"799","34"
"799","14"
"799","16"
"799","5"
"800","37"
"800","3"
"800","1"
"800","34"
"800","0"
"800","22"
"800","5"
"800","13"
"800","19"
"800","31"
"800","29"
"801","3"
"801","1"
"801","34"
"801","14"
"802","1"
"802","34"
"802","14"
"803","1"
"804","3"
"804","1"
"804","34"
"804","14"
"805","37"
"805","3"
"805","1"
"805","34"
"805","16"
"806","3"
"806","1"
"806","18"
"806","14"
"806","22"
"806","9"
"806","13"
"806","19"
"807","37"
"807","3"
"807","1"
"807","34"
"807","7"
"807","16"
"807","22"
"807","19"
"808","1"
"808","34"
"808","14"
"808","13"
"808","19"
"808","31"
"809","37"
"809","3"
"809","1"
"809","34"
"809","39"
"809","7"
"810","34"
"810","39"
"811","37"
"811","11"
"811","3"
"811","2"
"811","1"
"811","34"
"811","14"
"811","30"
"811","9"
"811","13"
"812","37"
"812","3"
"812","1"
"812","34"
"812","22"
"812","5"
"812","13"
"812","19"
"812","31"
"813","3"
"813","1"
"813","34"
"814","3"
"814","34"
"815","3"
"815","1"
"815","34"
"816","3"
"816","1"
"816","34"
"816","14"
"817","37"
"817","3"
"817","1"
"817","34"
"818","1"
"818","34"
"818","14"
"819","37"
"819","11"
"819","17"
"819","2"
"819","1"
"819","34"
"819","16"
"819","22"
"819","5"
"819",
"819",
"819",
"820","3"
"820","1"
"820","34"
"821","37"
"821","3"
"821","1"
"821","34"
"821","14"
"821","16"
"822","36"
"822","37"
"822","33"
"822","1"
"822","34"
"823","37"
"823","3"
"823","1"
"823","34"
"823","14"
"823","16"
"823","22"
"823","5"
"824","25"
"824","37"
"824","11"
"824","8"
"824","3"
"824","2"
"824","1"
"824","34"
"824","18"
"824","14"
"824","16"
"824","22"
"824","5"
"825","3"
"825","1"
"825","34"
"825","14"
"825","31"
"826","37"
"826","3"
"826","1"
"826","34"
"826","14"
"827","3"
"827","1"
"827","34"
"828","37"
"828","8"
"828","3"
"828","1"
"828","34"
"829","3"
"829","1"
"829","34"
"829","14"
"830","37"
"830","3"
"830","34"
"830","22"
"830","5"
"830","13"
"830","19"
"831","3"
"831","1"
"831","34"
"832","37"
"832","22"
"832","5"
"832","19"
"832","31"
"833","37"
"833","3"
"833","1"
"833","34"
"833","14"
"833","0"
"833","22"
"833","5"
"833","13"
"833","19"
"833","31"
"833","6"
"833","10"
"834","37"
"834","3"
"834","1"
"834","34"
"834","5"
"834","13"
"835","37"
"835","3"
"835","1"
"835","34"
"835","22"
"835","5"
"835","13"
"835","19"
"836","37"
"836","3"
"836","1"
"836","34"
"836","9"
"836","13"
"836","31"
"837","37"
"837","3"
"837","1"
"837","34"
"837","14"
"837","22"
"837","13"
"837","19"
"837","31"
"838","34"
"838","39"
"838","13"
"838","31"
"839","37"
"839","3"
"839","1"
"839","34"
"839","14"
"839","16"
"839","22"
"839",
"839","13"
"839","19"
"839","31"
"840","34"
"840","14"
"840","19"
"840","31"
"841","37"
"841","3"
"841","1"
"841","34"
"841","14"
"841","22"
"841","13"
"841","31"
"842","3"
"842","1"
"842","34"
"842","39"
"842","14"
"842","13"
"842","19"
"842","31"
"842","29"
"843","25"
"843","20"
"843","40"
"843","36"
"843","37"
"843","17"
"843","8"
"843","34"
"843","18"
"843","14"
"843","22"
"844","34"
"844","14"
"845","3"
"845","1"
"845","34"
"845","14"
"845","13"
"845","31"
"846","37"
"846","3"
"846","1"
"846","34"
"846","14"
"846","22"
"846","5"
"847","3"
"847","1"
"847","34"
"847","31"
"848","3"
"848","1"
"848","34"
"848","14"
"848","31"
"849","37"
"849","3"
"849","1"
"849","34"
"849","7"
"850","3"
"850","1"
"850","34"
"850","31"
"851","37"
"851","17"
"851","3"
"851","1"
"851","34"
"851","22"
"851","13"
"851","19"
"851","31"
"852","3"
"852","1"
"852","34"
"853","37"
"853","3"
"853","1"
"853","34"
"853","16"
"854","3"
"854","1"
"854","34"
"855","20"
"855","37"
"855","17"
"855","3"
"855","1"
"855","34"
"855","18"
"855","14"
"855","7"
"855","16"
"855","22"
"856","37"
"856","3"
"856","1"
"856","34"
"856","14"
"856","22"
"856","5"
"856","13"
"856","19"
"856","31"
"857","37"
"857","3"
"857","1"
"857","34"
"857","14"
"857","16"
"857","13"
"857","31"
"858","3"
"858","1"
"858","34"
"858","14"
"858","31"
"860","37"
"860","3"
"860","1"
"860","34"
"860","39"
"860","14"
"861","37"
"861","3"
"861","1"
"861","34"
"861","22"
"861","9"
"861","13"
"861","19"
"861","31"
"862","1"
"862","34"
"862","14"
"863","36"
"863","37"
"863","11"
"863","1"
"863","14"
"863","5"
"864","37"
"864","14"
"864","22"
"864","31"
"865","1"
"865","34"
"865","14"
"866","37"
"866","3"
"866","1"
"866","34"
"866","18"
"866","14"
"867","37"
"867","8"
"867","3"
"867","1"
"867","34"
"867","22"
"867","13"
"867","19"
"867","31"
"868","3"
"868","1"
"868","34"
"868","31"
"869","37"
"869","3"
"869","1"
"869","34"
"869","18"
"869","22"
"869","5"
"869","19"
"870","37"
"870","3"
"870","1"
"870","34"
"870","18"
"870","7"
"870","5"
"870","31"
"871","37"
"871","3"
"871","1"
"871","34"
"872","37"
"872","3"
"872","1"
"872","34"
"872","14"
"872","16"
"873","37"
"873","3"
"873","1"
"873","34"
"873","14"
"873","22"
"873","5"
"873","9"
"873","13"
"873","19"
"873","31"
"874","37"
"874","3"
"874","1"
"874","34"
"874","7"
"875","14"
"875","13"
"875","31"
"876","3"
"876","1"
"876","34"
"877","37"
"877","17"
"877","8"
"877","22"
"877","19"
"877","31"
"878","37"
"878","3"
"878","1"
"878","34"
"878","14"
"878","22"
"878","5"
"878","13"
"878","19"
"878","31"
"879","20"
"879","37"
"879","11"
"879","3"
"879","2"
"879","1"
"879","39"
"879","18"
"879","14"
"879","0"
"879","16"
"879","22"
"879","5"
"879","9"
"879","13"
"879","19"
"879","31"
"879","29"
"879","6"
"879","10"
"880","36"
"880","37"
"880","3"
"880","1"
"880","34"
"880","39"
"880","16"
"880","22"
"880","13"
"880","19"
"881","37"
"881","3"
"881","1"
"881","34"
"881","14"
"882","14"
"882","22"
"882","31"
"883","36"
"883","37"
"883","3"
"883","1"
"883","34"
"883","14"
"885","37"
"885","17"
"885","3"
"885","1"
"885","34"
"885","39"
"885","14"
"885","22"
"885","5"
"885","13"
"885","19"
"886","37"
"886","3"
"886","1"
"886","14"
"886","22"
"886","13"
"886","19"
"887","37"
"887","3"
"887","1"
"887","34"
"887","0"
"887","22"
"887","13"
"887","19"
"887","31"
"887","29"
"887","21"
"887","6"
"887","10"
"888","36"
"888","37"
"888","3"
"888","1"
"888","34"
"889","37"
"889","3"
"889","1"
"889","34"
"889","14"
"889","5"
"889","31"
"890","37"
"890","3"
"890","1"
"890","34"
"890","14"
"891","37"
"891","3"
"891","1"
"891","34"
"891","13"
"891","31"
"892","25"
"892","20"
"892","37"
"892","3"
"892","1"
"892","34"
"892","18"
"892","16"
"892","22"
"892","19"
"893","36"
"893","37"
"893","3"
"893","1"
"893","34"
"893","14"
"894","37"
"894","3"
"894","1"
"894","34"
"894","16"
"894","22"
"895","1"
"895","34"
"895","14"
"896","37"
"896","11"
"896","3"
"896","2"
"896","1"
"896","34"
"896","18"
"896","0"
"896","16"
"896","22"
"896","5"
"896","9"
"896","13"
"896","19"
"896","31"
"896","21"
"896","6"
"896","10"
"897","25"
"897","40"
"897","37"
"897","17"
"897","33"
"897","3"
"897","1"
"897","34"
"897","39"
"897","14"
"897","22"
"898","37"
"898","3"
"898","1"
"898","34"
"898","14"
"899","36"
"899","37"
"899","3"
"899","1"
"899","34"
"899","22"
"899","13"
"899","19"
"899","31"
"900","3"
"900","1"
"900","34"
"900","18"
"900","14"
"900","31"
"901","37"
"901","3"
"901","1"
"901","34"
"901","16"
"901","22"
"901","5"
"901",
"901","13"
"901","19"
"901","31"
"902","3"
"902","1"
"902","34"
"902","14"
"902","13"
"902","31"
"903","36"
"903","37"
"903","3"
"903","1"
"903","34"
"904","3"
"904","1"
"904","34"
"904","14"
"905","36"
"905","37"
"905","3"
"905","1"
"905","34"
"905","5"
"906","40"
"906","37"
"906","3"
"906","1"
"906","34"
"906","18"
"906","14"
"906","22"
"906","13"
"906","19"
"907","8"
"907","3"
"907","1"
"907","34"
"907","22"
"907","5"
"907",
"907",
"907","19"
"908","37"
"908","3"
"908","1"
"908","34"
"908","14"
"908","22"
"908","13"
"908","19"
"909","3"
"909","1"
"909","34"
"909","9"
"909","31"
"910","37"
"910","11"
"910","1"
"910","34"
"910","18"
"910","14"
"910","16"
"910","22"
"910","5"
"911","36"
"911","37"
"911","17"
"911","3"
"911","1"
"911","7"
"911","22"
"911","13"
"911","19"
"911","31"
"912","37"
"912","17"
"912","3"
"912","1"
"912","34"
"912","39"
"912","14"
"913","25"
"913","37"
"913","17"
"913","3"
"913","1"
"913","16"
"913","22"
"913","19"
"914","36"
"914","37"
"914","1"
"914","34"
"914","14"
"914","5"
"915","37"
"915","3"
"915","1"
"915","34"
"915","14"
"915","9"
"915","19"
"915","31"
"916","1"
"916","34"
"916","14"
"917","37"
"917","3"
"917","1"
"917","34"
"918","37"
"918","3"
"918","1"
"918","34"
"918","18"
"918","7"
"918","16"
"918","5"
"919","37"
"919","3"
"919","1"
"919","34"
"919","7"
"919","9"
"919","13"
"919","31"
"920","20"
"920","37"
"920","3"
"920","1"
"920","26"
"920","34"
"920","22"
"920","9"
"920","19"
"920","31"
"921","40"
"921","37"
"921","3"
"921","1"
"921","34"
"921","18"
"921","14"
"921","22"
"921","13"
"921","19"
"922","36"
"922","37"
"922","3"
"922","1"
"922","34"
"922","14"
"922","5"
"923","14"
"923","5"
"923","9"
"923","13"
"923","31"
"924","37"
"924","3"
"924","1"
"924","34"
"924","14"
"924","22"
"924","13"
"924","19"
"924","31"
"925","37"
"925","3"
"925","1"
"925","34"
"925","14"
"925","22"
"925","5"
"925","13"
"925","19"
"925","31"
"926","36"
"926","37"
"926","3"
"926","1"
"926","34"
"926","5"
"927","3"
"927","1"
"927","34"
"928","37"
"928","3"
"928","1"
"928","34"
"928","14"
"928","0"
"928","22"
"928","9"
"928","13"
"928","19"
"928","31"
"928","29"
"929","3"
"929","1"
"929","34"
"929","39"
"929","18"
"929","14"
"929","30"
"930","36"
"930","37"
"930","3"
"930","1"
"930","34"
"931","37"
"931","17"
"931","8"
"931","1"
"931","18"
"931","14"
"931","16"
"931","22"
"931","5"
"931","19"
"932","36"
"932","37"
"932","3"
"932","34"
"932","14"
"933","37"
"933","3"
"933","1"
"933","34"
"934","3"
"934","1"
"934","14"
"934","0"
"934","22"
"934","13"
"934","19"
"934","31"
"935","37"
"935","3"
"935","1"
"935","34"
"935","14"
"935","5"
"935","31"
"936","3"
"936","34"
"936","39"
"937","37"
"937","3"
"937","1"
"937","34"
"937","14"
"937","5"
"937","31"
"938","37"
"938","3"
"938","2"
"938","1"
"938","34"
"938","14"
"938","5"
"939","3"
"939","1"
"939","34"
"940","20"
"940","37"
"940","3"
"940","1"
"940","34"
"940","18"
"940","14"
"940","22"
"940","5"
"940","13"
"940","19"
"941","36"
"941","37"
"941","3"
"941","1"
"941","34"
"941","14"
"941","13"
"941","31"
"943","37"
"943","8"
"943","3"
"943","1"
"943","34"
"943","18"
"943","14"
"943","22"
"943","5"
"943","13"
"943","19"
"943","31"
"944","37"
"944","17"
"944","3"
"944","1"
"944","34"
"944","22"
"944","13"
"944","19"
"944","31"
"945","20"
"945","4"
"945","37"
"945","8"
"945","3"
"945","1"
"945","34"
"945","39"
"945","14"
"945","22"
"945","5"
"945","13"
"945","19"
"945","31"
"946","37"
"946","3"
"946","1"
"946","34"
"946","18"
"946","7"
"946","16"
"946","5"
"947","37"
"947","3"
"947","1"
"947","34"
"947","39"
"947","14"
"947","22"
"947","5"
"947","13"
"947","19"
"947","31"
"948","17"
"948","1"
"948","14"
"948","22"
"948","19"
"949","36"
"949","37"
"949","3"
"949","1"
"950","37"
"950","3"
"950","1"
"950","34"
"950","14"
"950","5"
"952","3"
"952","1"
"952","34"
"952","14"
"952","0"
"952","31"
"952","29"
"952","21"
"952","6"
"953","37"
"953","3"
"953","1"
"953","34"
"953","18"
"953","14"
"953","22"
"953","5"
"953","9"
"953","13"
"953","19"
"954","36"
"954","3"
"954","1"
"954","34"
"954","14"
"955","37"
"955","3"
"955","1"
"955","34"
"955","14"
"955","5"
"956","37"
"956","3"
"956","1"
"956","34"
"956","14"
"956","5"
"956","31"
"957","37"
"957","3"
"957","1"
"958","36"
"958","37"
"958","3"
"958","1"
"958","34"
"958","14"
"958","5"
"959","37"
"959","3"
"959","1"
"959","0"
"959","16"
"960","36"
"960","37"
"960","3"
"960","1"
"960","34"
"961","37"
"961","3"
"961","1"
"961","34"
"961","14"
"962","36"
"962","37"
"962","3"
"962","1"
"962","34"
"962","18"
"962","14"
"963","37"
"963","3"
"963","1"
"963","34"
"964","37"
"964","3"
"964","1"
"964","34"
"964","14"
"964","5"
"965","37"
"965","3"
"965","1"
"965","34"
"965","18"
"965","14"
"965","22"
"965","5"
"965","9"
"965","19"
"966","37"
"966","17"
"966","3"
"966","1"
"966","34"
"966","18"
"966","14"
"966","5"
"967","3"
"967","1"
"967","34"
"967","14"
"968","3"
"968","1"
"968","34"
"968","14"
"969","36"
"969","37"
"969","3"
"969","1"
"969","34"
"969","14"
"969","5"
"970","36"
"970","37"
"970","3"
"970","1"
"971","25"
"971","37"
"971","3"
"971","1"
"971","34"
"971","18"
"971","14"
"971","22"
"971","5"
"971","13"
"971","19"
"971","31"
"972","37"
"972","3"
"972","1"
"972","34"
"972","39"
"972","18"
"972","16"
"973","36"
"973","37"
"973","3"
"973","1"
"973","34"
"973","14"
"973","5"
"974","37"
"974","3"
"974","1"
"974","34"
"974","14"
"975","37"
"975","3"
"975","1"
"976","37"
"976","3"
"976","1"
"976","34"
"976","22"
"976","5"
"976",
"977","36"
"977","37"
"977","3"
"977","1"
"977","34"
"977","14"
"978","37"
"978","17"
"978","3"
"978","1"
"978","34"
"978","5"
"979","36"
"979","17"
"979","3"
"979","1"
"979","34"
"979","39"
"979","7"
"979","5"
"980","36"
"980","37"
"980","1"
"980","34"
"980","14"
"981","36"
"981","3"
"981","1"
"981","34"
"981","9"
"981","13"
"981","31"
"982","36"
"982","3"
"982","1"
"982","34"
"982","13"
"982","31"
"983","36"
"983","37"
"983","3"
"983","1"
"983","34"
"983","14"
"984","37"
"984","3"
"984","1"
"984","34"
"984","39"
"984","7"
"984","22"
"984","5"
"984","13"
"984","19"
"985","36"
"985","37"
"985","3"
"985","1"
"986","20"
"986","37"
"986","3"
"986","1"
"986","34"
"986","18"
"986","14"
"986","16"
"986","5"
"986","32"
"987","8"
"987","1"
"987","34"
"987","14"
"988","20"
"988","37"
"988","3"
"988","1"
"988","5"
"989","37"
"989","3"
"989","1"
"989","34"
"989","18"
"989","14"
"989","16"
"989","22"
"989","13"
"989","19"
"989","31"
"990","28"
"990","4"
"990","37"
"990","8"
"990","3"
"990","1"
"990","34"
"990","18"
"990","14"
"990","22"
"990","5"
"991","37"
"991","17"
"991","3"
"991","1"
"991","34"
"991","39"
"991","5"
"992","36"
"992","37"
"992","3"
"992","1"
"992","34"
"992","13"
"992","31"
"993","37"
"993","3"
"993","1"
"993","34"
"993","14"
"993","0"
"993","22"
"993","13"
"993","19"
"993","31"
"993","29"
"993","6"
"993","10"
"994","36"
"994","37"
"994","3"
"994","34"
"994","14"
"995","25"
"995","37"
"995","3"
"995","1"
"995","34"
"995","39"
"995","18"
"995","14"
"995","22"
"995","5"
"995","13"
"996","37"
"996","3"
"996","1"
"996","34"
"996","14"
"997","37"
"997","3"
"997","1"
"997","34"
"997","14"
"998","37"
"998","3"
"998","1"
"998","34"
"998","31"
"999","36"
"999","37"
"999","3"
"999","1"
"999","34"
"1000","37"
"1000","3"
"1000","1"
"1000","34"
"1000","16"
"1000","5"
"1001","36"
"1001","37"
"1001","3"
"1001","1"
"1001","5"
"1002","37"
"1002","3"
"1002","1"
"1002","34"
"1002","31"
"1003","3"
"1003","1"
"1003","34"
"1003","39"
"1003","14"
"1003","22"
"1003","13"
"1003","19"
"1003","31"
"1004","37"
"1004","17"
"1004","3"
"1004","1"
"1004","34"
"1004","14"
"1004","5"
"1004","31"
"1005","37"
"1005","3"
"1005","1"
"1005","34"
"1006","37"
"1006","3"
"1006","1"
"1006","34"
"1006","18"
"1006","16"
"1007","37"
"1007","3"
"1007","1"
"1007","34"
"1007","18"
"1007","14"
"1007","5"
"1007","31"
"1008","37"
"1008","3"
"1008","1"
"1008","34"
"1008","16"
"1008","22"
"1008","13"
"1008","19"
"1008","31"
"1009","37"
"1009","3"
"1009","1"
"1009","34"
"1009","22"
"1009","19"
"1009","31"
"1011","37"
"1011","3"
"1011","1"
"1011","34"
"1011","14"
"1011","5"
"1012","24"
"1012","36"
"1012","37"
"1012","17"
"1012","3"
"1012","1"
"1012","34"
"1012","7"
"1012","22"
"1014","37"
"1014","3"
"1014","1"
"1014","14"
"1015","37"
"1015","3"
"1015","1"
"1015","34"
"1015","14"
"1015","5"
"1015","13"
"1015","31"
"1016","36"
"1016","37"
"1016","11"
"1016","1"
"1016","14"
"1016","5"
"1017","36"
"1017","37"
"1017","3"
"1017","1"
"1017","34"
"1018","37"
"1018","17"
"1018","3"
"1018","1"
"1018","34"
"1018","0"
"1018","13"
"1018","31"
"1018","6"
"1018","10"
"1019","36"
"1019","37"
"1019","3"
"1019","1"
"1019","34"
"1019","14"
"1019","5"
"1019","9"
"1019","31"
"1020","37"
"1020","11"
"1020","3"
"1020","1"
"1020","39"
"1020","14"
"1020","0"
"1020","16"
"1020","22"
"1021","37"
"1021","8"
"1021","3"
"1021","1"
"1021","34"
"1021","14"
"1021","0"
"1021","5"
"1021","13"
"1021","31"
"1021","6"
"1021","10"
"1022","28"
"1022","25"
"1022","36"
"1022","37"
"1022","11"
"1022","3"
"1022","2"
"1022","1"
"1022","34"
"1022","18"
"1022","14"
"1022","7"
"1022","16"
"1022","22"
"1022","5"
"1022","19"
"1022","31"
"1023","37"
"1023","3"
"1023","1"
"1023","34"
"1023","14"
"1023","22"
"1023","13"
"1023","19"
"1023","31"
"1024","37"
"1024","3"
"1024","1"
"1024","34"
"1024","14"
"1024","7"
"1024","16"
"1024","22"
"1024","5"
"1024","13"
"1024","19"
"1024","31"
"1025","28"
"1025","36"
"1025","37"
"1025","1"
"1025","34"
"1025","14"
"1026","37"
"1026","3"
"1026","1"
"1026","34"
"1026","16"
"1026","31"
"1027","1"
"1027","34"
"1027","14"
"1027","0"
"1027","9"
"1027","13"
"1027","31"
"1027","29"
"1027","21"
"1028","36"
"1028","37"
"1028","11"
"1028","1"
"1028","14"
"1028","5"
"1029","36"
"1029","37"
"1029","8"
"1029","3"
"1029","1"
"1029","34"
"1029","14"
"1030","11"
"1030","3"
"1030","1"
"1030","34"
"1030","14"
"1030","0"
"1030","22"
"1030","9"
"1030","19"
"1031","37"
"1031","3"
"1031","1"
"1031","34"
"1031","18"
"1031","14"
"1031","5"
"1032","37"
"1032","22"
"1032","31"
"1033","37"
"1033","3"
"1033","1"
"1033","34"
"1033","14"
"1033","7"
"1033","22"
"1033","5"
"1033","19"
"1033","31"
"1034","36"
"1034","37"
"1034","3"
"1034","1"
"1034","5"
"1035","37"
"1035","8"
"1035","3"
"1035","1"
"1035","34"
"1035","5"
"1036","37"
"1036","3"
"1036","1"
"1036","34"
"1036","5"
"1036","31"
"1037","37"
"1037","8"
"1037","3"
"1037","1"
"1037","34"
"1037","5"
"1039","37"
"1039","3"
"1039","1"
"1039","34"
"1039","14"
"1039","22"
"1039","5"
"1040","37"
"1040","3"
"1040","1"
"1040","34"
"1040","14"
"1041","37"
"1041","8"
"1041","3"
"1041","2"
"1041","1"
"1041","34"
"1041","10"
"1042","25"
"1042","20"
"1042","37"
"1042","8"
"1042","3"
"1042","34"
"1042","18"
"1042","14"
"1042","7"
"1042","22"
"1043","37"
"1043","3"
"1043","1"
"1043","18"
"1043","14"
"1044","36"
"1044","37"
"1044","1"
"1044","34"
"1044","14"
"1045","36"
"1045","37"
"1045","1"
"1045","34"
"1045","14"
"1045","5"
"1046","3"
"1046","1"
"1046","34"
"1046","14"
"1046","5"
"1046","13"
"1047","37"
"1047","11"
"1047","3"
"1047","2"
"1047","1"
"1047","34"
"1047","39"
"1047","14"
"1047","16"
"1047","22"
"1047","5"
"1047","9"
"1047","13"
"1047","19"
"1047","31"
"1047","6"
"1047","10"
"1048","37"
"1048","3"
"1048","1"
"1048","34"
"1048","14"
"1050","1"
"1050","34"
"1050","30"
"1051","37"
"1051","8"
"1051","3"
"1051","2"
"1051","1"
"1051","34"
"1051","10"
"1052","35"
"1052","12"
"1052","37"
"1052","8"
"1052","3"
"1052","2"
"1052","1"
"1052","34"
"1052","15"
"1052","14"
"1052","16"
"1053","36"
"1053","37"
"1053","3"
"1053","1"
"1053","34"
"1053","18"
"1053","14"
"1054","37"
"1054","8"
"1055","36"
"1055","37"
"1055","3"
"1055","1"
"1055","34"
"1056","37"
"1056","0"
"1056","22"
"1056",
"1056","31"
"1057","37"
"1057","8"
"1058","1"
"1058","34"
"1058","22"
"1058","13"
"1058","19"
"1058","31"
"1059","36"
"1059","37"
"1059","3"
"1059","1"
"1059","34"
"1059","16"
"1059","22"
"1059","13"
"1059","19"
"1060","36"
"1060","37"
"1060","3"
"1060","1"
"1060","34"
"1061","37"
"1061","1"
"1061","34"
"1061","14"
"1061","5"
"1061","31"
"1062","37"
"1062","3"
"1062","1"
"1062","34"
"1062","22"
"1062","5"
"1062","19"
"1063","37"
"1063","3"
"1063","1"
"1063","34"
"1063","14"
"1064","36"
"1064","37"
"1064","3"
"1064","1"
"1064","34"
"1064","14"
"1064","13"
"1064","31"
"1065","37"
"1065","3"
"1065","1"
"1065","34"
"1065","14"
"1065","5"
"1067","3"
"1067","1"
"1067","34"
"1067","5"
"1068","37"
"1068","17"
"1068","3"
"1068","1"
"1068","34"
"1068","18"
"1068","14"
"1068","0"
"1068","16"
"1068","5"
"1068","13"
"1068","31"
"1068","29"
"1068","6"
"1068","10"
"1069","36"
"1069","37"
"1069","3"
"1069","1"
"1069","34"
"1069","14"
"1070","36"
"1070","37"
"1070","3"
"1070","1"
"1070","34"
"1070","14"
"1071","37"
"1071","1"
"1071","34"
"1071","14"
"1071","22"
"1071","13"
"1071","19"
"1071","31"
"1072","3"
"1072","1"
"1072","34"
"1073","3"
"1073","1"
"1073","34"
"1073","18"
"1073","14"
"1074","37"
"1074","3"
"1074","1"
"1074","34"
"1075","3"
"1075","1"
"1075","34"
"1075","14"
"1076","37"
"1076","3"
"1076","1"
"1076","34"
"1076","14"
"1077","3"
"1077","1"
"1077","34"
"1077","14"
"1078","37"
"1078","3"
"1078","1"
"1078","34"
"1078","31"
"1079","37"
"1079","17"
"1079","3"
"1079","1"
"1079","34"
"1079","39"
"1079","18"
"1079","14"
"1079","22"
"1079","5"
"1079","9"
"1079","13"
"1079","19"
"1079","31"
"1080","37"
"1080","3"
"1080","1"
"1080","34"
"1080","14"
"1080","22"
"1080","5"
"1080","13"
"1080","19"
"1080","31"
"1081","37"
"1081","8"
"1081","3"
"1081","1"
"1081","34"
"1081","14"
"1081","5"
"1081","9"
"1081","13"
"1081","31"
"1081","10"
"1082","3"
"1082","1"
"1082","34"
"1082","14"
"1082","22"
"1083","36"
"1083","3"
"1083","1"
"1083","34"
"1083","14"
"1084","37"
"1084","17"
"1084","3"
"1084","1"
"1084","34"
"1084","14"
"1085","37"
"1085","3"
"1085","1"
"1085","34"
"1085","39"
"1085","14"
"1085","13"
"1085","31"
"1086","36"
"1086","37"
"1086","3"
"1086","1"
"1086","34"
"1088","11"
"1088","17"
"1088","14"
"1088","22"
"1088","13"
"1088","19"
"1088","31"
"1089","37"
"1089","3"
"1089","1"
"1089","34"
"1089","5"
"1090","1"
"1090","34"
"1090","14"
"1091","37"
"1091","3"
"1091","1"
"1091","34"
"1091","14"
"1092","3"
"1092","1"
"1092","34"
"1093","3"
"1093","1"
"1093","34"
"1095","36"
"1095","37"
"1095","3"
"1095","1"
"1095","34"
"1095","14"
"1095","5"
"1096","3"
"1097","37"
"1097","3"
"1097","1"
"1097","34"
"1097","14"
"1097","31"
"1098","3"
"1098","1"
"1098","34"
"1099","36"
"1099","34"
"1099","14"
"1100","37"
"1100","8"
"1100","3"
"1100","1"
"1100","15"
"1101","25"
"1101","20"
"1101","37"
"1101","3"
"1101","1"
"1101","34"
"1101","18"
"1101","14"
"1101","7"
"1101","16"
"1101","22"
"1101","13"
"1101","19"
"1101","31"
"1102","37"
"1102","8"
"1102","3"
"1102","1"
"1102","34"
"1102","14"
"1102","22"
"1102","5"
"1103","37"
"1103","3"
"1103","1"
"1103","34"
"1103","39"
"1103","31"
"1104","37"
"1104","3"
"1104","1"
"1104","34"
"1105","37"
"1105","11"
"1105","8"
"1105","3"
"1105","2"
"1105","34"
"1105","14"
"1105","0"
"1105","22"
"1105","5"
"1105","9"
"1105","13"
"1105","31"
"1105","6"
"1105","10"
"1106","3"
"1106","1"
"1106","34"
"1106","39"
"1107","37"
"1107","3"
"1107","1"
"1107","34"
"1107","18"
"1107","31"
"1108","36"
"1108","37"
"1108","3"
"1108","1"
"1108","34"
"1109","37"
"1109","17"
"1109","3"
"1109","34"
"1109","14"
"1109","31"
"1110","37"
"1110","3"
"1110","1"
"1110","34"
"1110","14"
"1111","37"
"1111","3"
"1111","1"
"1111","34"
"1111","14"
"1111","7"
"1112","36"
"1112","37"
"1112","3"
"1112","1"
"1112","34"
"1112","5"
"1113","3"
"1113","1"
"1113","34"
"1114","3"
"1114","1"
"1114","34"
"1114","14"
"1115","36"
"1115","37"
"1115","3"
"1115","1"
"1115","34"
"1115","22"
"1115","5"
"1116","37"
"1116","3"
"1116","1"
"1116","34"
"1116","18"
"1116","14"
"1117","37"
"1117","3"
"1117","1"
"1117","34"
"1117","7"
"1117","16"
"1117","5"
"1118","1"
"1118","34"
"1118","14"
"1118",
"1119","3"
"1119","1"
"1119","34"
"1119","14"
"1119","9"
"1119","31"
"1120","37"
"1120","3"
"1120","1"
"1120","34"
"1120","16"
"1120","5"
"1121","1"
"1121","34"
"1121","39"
"1121","14"
"1121","5"
"1122","37"
"1122","3"
"1122","1"
"1122","34"
"1123","36"
"1123","37"
"1123","3"
"1123","1"
"1123","34"
"1123","5"
"1124","1"
"1124","34"
"1124","14"
"1124","9"
"1125","37"
"1125","17"
"1125","3"
"1125","1"
"1125","34"
"1125","14"
"1125","31"
"1127","1"
"1127","34"
"1127","14"
"1128","36"
"1128","37"
"1128","3"
"1128","1"
"1128","34"
"1128","14"
"1128","5"
"1128","31"
"1129","37"
"1129","3"
"1129","1"
"1129","5"
"1130","37"
"1130","17"
"1130","3"
"1130","1"
"1130","34"
"1130","18"
"1130","16"
"1130","5"
"1131","37"
"1131","3"
"1131","1"
"1131","34"
"1131","14"
"1132","37"
"1132","3"
"1132","1"
"1132","34"
"1132","39"
"1132","18"
"1132","22"
"1132","5"
"1132","19"
"1133","36"
"1133","37"
"1133","3"
"1133","1"
"1133","34"
"1133","14"
"1133","5"
"1133","31"
"1135","37"
"1135","3"
"1135","1"
"1135","34"
"1135","18"
"1135","22"
"1135","5"
"1135","13"
"1135","19"
"1136","36"
"1136","37"
"1136","3"
"1136","1"
"1136","34"
"1137","37"
"1137","3"
"1137","1"
"1137","34"
"1137","39"
"1137","14"
"1138","37"
"1138","3"
"1138","1"
"1138","34"
"1138","16"
"1139","37"
"1139","3"
"1139","1"
"1139","34"
"1139","14"
"1139",
"1140","20"
"1140","40"
"1140","4"
"1140","37"
"1140","11"
"1140","3"
"1140","34"
"1140","14"
"1140","5"
"1141","36"
"1141","37"
"1141","3"
"1141","1"
"1141","34"
"1142","36"
"1142","37"
"1142","3"
"1142","1"
"1142","34"
"1142","14"
"1143","37"
"1143","8"
"1143","3"
"1143","1"
"1143","34"
"1143","14"
"1143","5"
"1143","31"
"1144","1"
"1144","34"
"1144",
"1144",
"1144",
"1144","9"
"1145","37"
"1145","3"
"1145","1"
"1145","34"
"1145","18"
"1145","14"
"1145","9"
"1145","31"
"1146","37"
"1146","3"
"1146","1"
"1146","5"
"1147","37"
"1147","8"
"1147","3"
"1147","1"
"1147","34"
"1147","14"
"1147","22"
"1147","5"
"1147","9"
"1147","19"
"1147","31"
"1148","37"
"1148","3"
"1148","1"
"1148","34"
"1148","16"
"1148","22"
"1148","5"
"1148","13"
"1148","19"
"1148","31"
"1149","1"
"1149","34"
"1149","14"
"1150","37"
"1150","3"
"1150","1"
"1150","34"
"1150","14"
"1151","37"
"1151","3"
"1151","1"
"1151","34"
"1151","16"
"1151","22"
"1151","5"
"1151","13"
"1151","19"
"1151","31"
"1152","37"
"1152","3"
"1152","1"
"1152","34"
"1152","7"
"1153","3"
"1153","1"
"1153","34"
"1154","34"
"1154","14"
"1155","37"
"1155","3"
"1155","1"
"1155","34"
"1155","14"
"1155","22"
"1155","5"
"1156","3"
"1156","1"
"1156","34"
"1157","37"
"1157","3"
"1157","1"
"1157","34"
"1157","18"
"1157","14"
"1157","5"
"1157","31"
"1158","37"
"1158","11"
"1158","17"
"1158","8"
"1158","3"
"1158","14"
"1158","5"
"1158","9"
"1158","13"
"1158","19"
"1158","31"
"1159","36"
"1159","37"
"1159","3"
"1159","1"
"1159","34"
"1160","37"
"1160","3"
"1160","1"
"1160","34"
"1160","7"
"1160","16"
"1160","5"
"1161","37"
"1161","3"
"1161","1"
"1161","34"
"1161","14"
"1161","16"
"1161","22"
"1161","5"
"1161","13"
"1161","19"
"1161","31"
"1162","24"
"1162","20"
"1162","36"
"1162","38"
"1162","37"
"1162","3"
"1162","1"
"1162","34"
"1162","14"
"1162","22"
"1162","5"
"1162","19"
"1163","36"
"1163","37"
"1163","3"
"1163","1"
"1163","34"
"1163","14"
"1164","20"
"1164","37"
"1164","3"
"1164","1"
"1164","5"
"1165","37"
"1165","18"
"1165","14"
"1165","5"
"1166","20"
"1166","37"
"1166","8"
"1166","3"
"1166","2"
"1166","1"
"1166","34"
"1166","14"
"1166","31"
"1167","37"
"1167","3"
"1167","1"
"1167","34"
"1167","14"
"1168","37"
"1168","11"
"1168","17"
"1168","8"
"1168","2"
"1168","14"
"1168","5"
"1168","9"
"1168","13"
"1168","31"
"1170","37"
"1170","3"
"1170","1"
"1170","34"
"1170","16"
"1170","22"
"1170","5"
"1171","37"
"1171","3"
"1171","1"
"1171","26"
"1171","34"
"1171","14"
"1171","22"
"1171","19"
"1171","31"
"1172","37"
"1172","17"
"1172","1"
"1172","34"
"1172","22"
"1173","37"
"1173","3"
"1173","1"
"1173","34"
"1173","16"
"1174","37"
"1174","1"
"1174","18"
"1174","14"
"1174","5"
"1175","37"
"1175","3"
"1175","1"
"1175","34"
"1175","14"
"1175","5"
"1176","37"
"1176","3"
"1176","1"
"1176","34"
"1176","22"
"1177","37"
"1177","3"
"1177","1"
"1177","34"
"1177","14"
"1178","37"
"1178","3"
"1178","1"
"1178","34"
"1178","14"
"1178","31"
"1179","37"
"1179","3"
"1179","1"
"1179","34"
"1179","14"
"1179","13"
"1180","37"
"1180","17"
"1180","3"
"1180","1"
"1180","34"
"1180","18"
"1180","14"
"1180","5"
"1181","37"
"1181","3"
"1181","1"
"1181","34"
"1181","0"
"1181","22"
"1181","5"
"1181","13"
"1181","19"
"1181","31"
"1182","37"
"1182","3"
"1182","1"
"1182","34"
"1182","22"
"1182","13"
"1182","19"
"1183","37"
"1183","3"
"1183","1"
"1183","34"
"1184","37"
"1184","3"
"1184","1"
"1184","34"
"1184","18"
"1184","0"
"1184","5"
"1184","31"
"1184","6"
"1184","10"
"1185","37"
"1185","17"
"1185","3"
"1185","1"
"1185","34"
"1185","14"
"1185","22"
"1185","5"
"1185","13"
"1185","19"
"1186","11"
"1186","3"
"1186","1"
"1186","18"
"1186","14"
"1186","22"
"1186","5"
"1187","36"
"1187","37"
"1187","3"
"1187","1"
"1187","34"
"1188","3"
"1188","1"
"1188","34"
"1189","37"
"1189","3"
"1189","1"
"1189","34"
"1189","14"
"1190","37"
"1190","3"
"1190","1"
"1190","34"
"1190","39"
"1191","37"
"1191","17"
"1191","3"
"1191","1"
"1191","34"
"1191","16"
"1191","22"
"1191","5"
"1191","9"
"1191","13"
"1191","19"
"1191","31"
"1192","37"
"1192","3"
"1192","1"
"1192","34"
"1192","7"
"1193","3"
"1193","1"
"1193","34"
"1194","17"
"1194","1"
"1194","14"
"1194","13"
"1194","31"
"1195","1"
"1195","34"
"1195","14"
"1195","5"
"1196","36"
"1196","37"
"1196","33"
"1196","1"
"1196","34"
"1197","37"
"1197","3"
"1197","1"
"1197","34"
"1197","14"
"1198","37"
"1198","8"
"1198","3"
"1198","1"
"1198","34"
"1198","14"
"1198","16"
"1199","37"
"1199","3"
"1199","1"
"1199","34"
"1199","39"
"1199","14"
"1200","37"
"1200","8"
"1200","3"
"1200","1"
"1200","34"
"1200","14"
"1200","16"
"1201","20"
"1201","4"
"1201","37"
"1201","3"
"1201","1"
"1201","34"
"1201","39"
"1201","18"
"1201","14"
"1201","16"
"1201","22"
"1201","13"
"1201","19"
"1201","31"
"1202","20"
"1202","3"
"1202","1"
"1202","34"
"1202","14"
"1202","22"
"1202","13"
"1202","19"
"1202","31"
"1203","37"
"1203","17"
"1203","3"
"1203","1"
"1203","34"
"1203","14"
"1203","22"
"1203","5"
"1203","13"
"1203","19"
"1204","37"
"1204","3"
"1204","1"
"1204","34"
"1204","16"
"1204","22"
"1204","5"
"1204","13"
"1204","19"
"1204","31"
"1205","37"
"1205","3"
"1205","1"
"1205","34"
"1205","18"
"1205","14"
"1206","28"
"1206","25"
"1206","37"
"1206","3"
"1206","1"
"1206","34"
"1206","18"
"1206","22"
"1206","5"
"1206","13"
"1206","19"
"1206","31"
"1207","37"
"1207","17"
"1207","3"
"1207","1"
"1207","34"
"1208","37"
"1208","3"
"1208","1"
"1208","14"
"1208","22"
"1208","13"
"1208","19"
"1209","37"
"1209","3"
"1209","1"
"1209","34"
"1209","39"
"1209","14"
"1210","36"
"1210","37"
"1210","3"
"1210","1"
"1210","34"
"1210","14"
"1211","36"
"1211","37"
"1211","3"
"1211","1"
"1211","34"
"1212","37"
"1212","8"
"1212","3"
"1212","1"
"1212","34"
"1212","14"
"1212","16"
"1213","37"
"1213","3"
"1213","1"
"1213","34"
"1213","14"
"1213","5"
"1213","31"
"1214","36"
"1214","37"
"1214","3"
"1214","1"
"1214","34"
"1215","3"
"1215","1"
"1215","34"
"1215","39"
"1215","14"
"1215","5"
"1215","13"
"1215","31"
"1216","3"
"1216","1"
"1216","34"
"1216","14"
"1216","31"
"1217","37"
"1217","3"
"1217","1"
"1217","34"
"1217","14"
"1218","37"
"1218","3"
"1218","1"
"1218","34"
"1218","39"
"1218","16"
"1218","22"
"1218","5"
"1218","13"
"1218","19"
"1219","40"
"1219","37"
"1219","17"
"1219","8"
"1219","3"
"1219","34"
"1219","14"
"1220","36"
"1220","37"
"1220","3"
"1220","1"
"1220","34"
"1220","22"
"1220","13"
"1220","19"
"1220","31"
